acacia,"any of various spiny trees or shrubs of the genus Acacia"
acacias,"any of various spiny trees or shrubs of the genus Acacia"
academe,"the academic world"
academes,"the academic world"
academia,"the academic world"
academias,"the academic world"
academic,"an educator who works at a college or university","associated with academia or an academy; "the academic curriculum"; "academic gowns"","hypothetical or theoretical and not expected to produce an immediate or practical result; "an academic discussion"; "an academic question"","marked by a narrow focus on or display of learning especially its trivial aspects"
academically,"in regard to academic matters; "academically, this is a good school""
academics,"an educator who works at a college or university","associated with academia or an academy; "the academic curriculum"; "academic gowns"","hypothetical or theoretical and not expected to produce an immediate or practical result; "an academic discussion"; "an academic question"","marked by a narrow focus on or display of learning especially its trivial aspects"
academies
academy,"a secondary school (usually private)","an institution for the advancement of art or science or literature","a school for special training","a learned establishment for the advancement of knowledge"
acajou
acajous
acaleph
acalephae
acalephe
acalephes
acalephs
acanthi,"any plant of the genus Acanthus having large spiny leaves and spikes or white or purplish flowers; native to Mediterranean region but widely cultivated"
acanthus,"any plant of the genus Acanthus having large spiny leaves and spikes or white or purplish flowers; native to Mediterranean region but widely cultivated"
acanthuses
acari,"any of several mites of the order Acarina"
acarid,"very small free-living arachnid that is parasitic on animals or plants; related to ticks"
acaridan
acaridans
acarids,"very small free-living arachnid that is parasitic on animals or plants; related to ticks"
acarine,"mite or tick"
acarines,"mite or tick"
acaroid
acarpous,"producing no fruit"
acarus,"any of several mites of the order Acarina"
acaudal,"lacking a tail or taillike appendage"
acaudate,"lacking a tail or taillike appendage"
acauline
acaulose
acaulous
accede,"yield to another's wish or opinion; "The government bowed to the military pressure"","take on duties or office; "accede to the throne"","to agree or express agreement; "The Maestro assented to the request for an encore""
acceded
acceder
acceders
accedes,"yield to another's wish or opinion; "The government bowed to the military pressure"","take on duties or office; "accede to the throne"","to agree or express agreement; "The Maestro assented to the request for an encore""
acceding
accelerate,"move faster; "The car accelerated"","cause to move faster; "He accelerated the car""
accelerated,"speeded up, as of an academic course; "in an accelerated program in school""
accelerates,"move faster; "The car accelerated"","cause to move faster; "He accelerated the car""
accelerating
acceleration,"an increase in rate of change; "modern science caused an acceleration of cultural change"","the act of accelerating; increasing the speed","(physics) a rate of increase of velocity"
accelerations,"an increase in rate of change; "modern science caused an acceleration of cultural change"","the act of accelerating; increasing the speed","(physics) a rate of increase of velocity"
accelerator,"a pedal that controls the throttle valve; "he stepped on the gas"","a valve that regulates the supply of fuel to the engine","(chemistry) a substance that initiates or accelerates a chemical reaction without itself being affected","a scientific instrument that increases the kinetic energy of charged particles"
accelerators,"a pedal that controls the throttle valve; "he stepped on the gas"","a valve that regulates the supply of fuel to the engine","(chemistry) a substance that initiates or accelerates a chemical reaction without itself being affected","a scientific instrument that increases the kinetic energy of charged particles"
accent,"distinctive manner of oral expression; "he couldn't suppress his contemptuous accent"; "she had a very clear speech pattern"","special importance or significance; "the red light gave the central figure increased emphasis"; "the room was decorated in shades of grey with distinctive red accents"","the usage or vocabulary that is characteristic of a specific group of people; "the immigrants spoke an odd dialect of English"; "he has a strong German accent"; "it has been said that a language is a dialect with an army and navy"","the relative prominence of a syllable or musical note (especially with regard to stress or pitch); "he put the stress on the wrong syllable"","a diacritical mark used to indicate stress or placed above a vowel to indicate a special pronunciation","to stress, single out as important; "Dr. Jones emphasizes exercise in addition to a change in diet"","put stress on; utter with an accent; "In Farsi, you accent the last syllable of each word""
accented,"used of syllables; "a tonic syllables carries the main stress in a word"","bearing a stress or accent; "an iambic foot consists of an unstressed syllable followed by a stressed syllable as in `delay'""
accenting,"the act of giving special importance or significance to something"
accentor,"small sparrow-like songbird of mountainous regions of Eurasia"
accentors,"small sparrow-like songbird of mountainous regions of Eurasia"
accents,"distinctive manner of oral expression; "he couldn't suppress his contemptuous accent"; "she had a very clear speech pattern"","special importance or significance; "the red light gave the central figure increased emphasis"; "the room was decorated in shades of grey with distinctive red accents"","the usage or vocabulary that is characteristic of a specific group of people; "the immigrants spoke an odd dialect of English"; "he has a strong German accent"; "it has been said that a language is a dialect with an army and navy"","the relative prominence of a syllable or musical note (especially with regard to stress or pitch); "he put the stress on the wrong syllable"","a diacritical mark used to indicate stress or placed above a vowel to indicate a special pronunciation","to stress, single out as important; "Dr. Jones emphasizes exercise in addition to a change in diet"","put stress on; utter with an accent; "In Farsi, you accent the last syllable of each word""
accentual,"of or pertaining to accent or stress","(of verse) having a metric system based on stress rather than syllables or quantity; "accentual poetry is based on the number of stresses in a line"; "accentual rhythm""
accentuate,"to stress, single out as important; "Dr. Jones emphasizes exercise in addition to a change in diet"","put stress on; utter with an accent; "In Farsi, you accent the last syllable of each word""
accentuated
accentuates,"to stress, single out as important; "Dr. Jones emphasizes exercise in addition to a change in diet"","put stress on; utter with an accent; "In Farsi, you accent the last syllable of each word""
accentuating
accentuation,"the use or application of an accent; the relative prominence of syllables in a phrase or utterance","the act of giving special importance or significance to something"
accentuations,"the use or application of an accent; the relative prominence of syllables in a phrase or utterance","the act of giving special importance or significance to something"
accept,"consider or hold as true; "I cannot accept the dogma of this church"; "accept an argument"","receive willingly something given or offered; "The only girl who would have him was the miller's daughter"; "I won't have this dog in my house!"; "Please accept my present"","give an affirmative reply to; respond favorably to; "I cannot accept your invitation"; "I go for this resolution"","react favorably to; consider right and proper; "People did not accept atonal music at that time"; "We accept the idea of universal health care"","admit into a group or community; "accept students for graduate study"; "We'll have to vote on whether or not to admit a new member"","take on as one's own the expenses or debts of another person; "I'll accept the charges"; "She agreed to bear the responsibility"","tolerate or accommodate oneself to; "I shall have to accept these unpleasant working conditions"; "I swallowed the insult"; "She has learned to live with her husband's little idiosyncrasies"","be designed to hold or take; "This surface will not take the dye"","receive (a report) officially, as from a committee","make use of or accept for some purpose; "take a risk"; "take an opportunity"","be sexually responsive to, used of a female domesticated mammal; "The cow accepted the bull""
acceptabilities
acceptability,"satisfactoriness by virtue of conforming to approved standards"
acceptable,"worthy of acceptance or satisfactory; "acceptable levels of radiation"; "performances varied from acceptable to excellent"","judged to be in conformity with approved usage; "acceptable English usage"","meeting requirements; "the step makes a satisfactory seat"","adequate for the purpose; "the water was acceptable for drinking""
acceptance,"the mental attitude that something is believable and should be accepted as true; "he gave credence to the gossip"; "acceptance of Newtonian mechanics was unquestioned for 200 years"","the act of accepting with approval; favorable reception; "its adoption by society"; "the proposal found wide acceptance"","the state of being acceptable and accepted; "torn jeans received no acceptance at the country club"","(contract law) words signifying consent to the terms of an offer (thereby creating a contract)","banking: a time draft drawn on and accepted by a bank","a disposition to tolerate or accept people or situations; "all people should practice toleration and live together in peace"","the act of taking something that is offered; "her acceptance of the gift encouraged him"; "he anticipated their acceptance of his offer""
acceptances,"the mental attitude that something is believable and should be accepted as true; "he gave credence to the gossip"; "acceptance of Newtonian mechanics was unquestioned for 200 years"","the act of accepting with approval; favorable reception; "its adoption by society"; "the proposal found wide acceptance"","the state of being acceptable and accepted; "torn jeans received no acceptance at the country club"","(contract law) words signifying consent to the terms of an offer (thereby creating a contract)","banking: a time draft drawn on and accepted by a bank","a disposition to tolerate or accept people or situations; "all people should practice toleration and live together in peace"","the act of taking something that is offered; "her acceptance of the gift encouraged him"; "he anticipated their acceptance of his offer""
accepted,"generally approved or compelling recognition; "several accepted techniques for treating the condition"; "his recognized superiority in this kind of work""
acceptee
acceptees
accepter
accepters
accepting,"tolerating without protest; "always more accepting of coaching suggestion than her teammates"; "the atmosphere was judged to be more supporting and accepting""
acceptor,"(chemistry) in the formation of a coordinate bond it is the compound to which electrons are donated","the person (or institution) who accepts a check or draft and becomes responsible for paying the party named in the draft when it matures"
acceptors,"(chemistry) in the formation of a coordinate bond it is the compound to which electrons are donated","the person (or institution) who accepts a check or draft and becomes responsible for paying the party named in the draft when it matures"
accepts,"consider or hold as true; "I cannot accept the dogma of this church"; "accept an argument"","receive willingly something given or offered; "The only girl who would have him was the miller's daughter"; "I won't have this dog in my house!"; "Please accept my present"","give an affirmative reply to; respond favorably to; "I cannot accept your invitation"; "I go for this resolution"","react favorably to; consider right and proper; "People did not accept atonal music at that time"; "We accept the idea of universal health care"","admit into a group or community; "accept students for graduate study"; "We'll have to vote on whether or not to admit a new member"","take on as one's own the expenses or debts of another person; "I'll accept the charges"; "She agreed to bear the responsibility"","tolerate or accommodate oneself to; "I shall have to accept these unpleasant working conditions"; "I swallowed the insult"; "She has learned to live with her husband's little idiosyncrasies"","be designed to hold or take; "This surface will not take the dye"","receive (a report) officially, as from a committee","make use of or accept for some purpose; "take a risk"; "take an opportunity"","be sexually responsive to, used of a female domesticated mammal; "The cow accepted the bull""
access,"the right to enter","the right to obtain or make use of or take advantage of something (as services or membership)","a way of entering or leaving; "he took a wrong turn on the access to the bridge"","a code (a series of characters or digits) that must be entered in some way (typed or dialed or spoken) to get the use of something (a telephone line or a computer or a local area network etc.)","(computer science) the operation of reading or writing stored information","the act of approaching or entering; "he gained access to the building"","obtain or retrieve from a storage device; as of information on a computer","reach or gain access to; "How does one access the attic in this house?"; "I cannot get to the T.V. antenna, even if I climb on the roof""
accessed
accesses
accessibilities
accessibility,"the quality of being at hand when needed","the attribute of being easy to meet or deal with"
accessible,"capable of being reached; "a town accessible by rail"","capable of being read with comprehension; "readily accessible to the nonprofessional reader"; "the tales seem more approachable than his more difficult novels"","easily obtained; "most students now have computers accessible"; "accessible money"","easy to get along with or talk to; friendly; "an accessible and genial man""
accessing
accession,"a process of increasing by addition (as to a collection or group); "the art collection grew through accession"","(civil law) the right to all of that which your property produces whether by growth or improvement","something added to what you already have; "the librarian shelved the new accessions"; "he was a new addition to the staff"","agreeing with or consenting to (often unwillingly); "accession to such demands would set a dangerous precedent"; "assenting to the Congressional determination"","the right to enter","the act of attaining or gaining access to a new office or right or position (especially the throne); "Elizabeth's accession in 1558"","make a record of additions to a collection, such as a library"
accessions,"a process of increasing by addition (as to a collection or group); "the art collection grew through accession"","(civil law) the right to all of that which your property produces whether by growth or improvement","something added to what you already have; "the librarian shelved the new accessions"; "he was a new addition to the staff"","agreeing with or consenting to (often unwillingly); "accession to such demands would set a dangerous precedent"; "assenting to the Congressional determination"","the right to enter","the act of attaining or gaining access to a new office or right or position (especially the throne); "Elizabeth's accession in 1558"","make a record of additions to a collection, such as a library"
accessories
accessory,"clothing that is worn or carried, but not part of your main clothing","a supplementary component that improves capability","someone who helps another person commit a crime","aiding and abetting in a crime; "he was charged with being accessory to the crime"","furnishing added support; "an ancillary pump"; "an adjuvant discipline to forms of mysticism"; "The mind and emotions are auxiliary to each other""
accident,"an unfortunate mishap; especially one causing damage or injury","anything that happens suddenly or by chance without an apparent cause; "winning the lottery was a happy accident"; "the pregnancy was a stroke of bad luck"; "it was due to an accident or fortuity""
accidental,"a musical notation that makes a note sharp or flat or natural although that is not part of the key signature","happening by chance or unexpectedly or unintentionally ; "with an inadvertent gesture she swept the vase off the table"; "accidental poisoning"; "an accidental shooting""
accidentally,"without advance planning; "they met accidentally"","of a minor or subordinate nature; "these magnificent achievements were only incidentally influenced by Oriental models"","without intention; in an unintentional manner; "she hit him unintentionally""
accidentals,"a musical notation that makes a note sharp or flat or natural although that is not part of the key signature","happening by chance or unexpectedly or unintentionally ; "with an inadvertent gesture she swept the vase off the table"; "accidental poisoning"; "an accidental shooting""
accidents,"an unfortunate mishap; especially one causing damage or injury","anything that happens suddenly or by chance without an apparent cause; "winning the lottery was a happy accident"; "the pregnancy was a stroke of bad luck"; "it was due to an accident or fortuity""
accidie
accidies
acclaim,"enthusiastic approval; "the book met with modest acclaim"; "he acknowledged the plaudits of the crowd"; "they gave him more eclat than he really deserved"","praise vociferously; "The critics hailed the young pianist as a new Rubinstein"","clap one's hands or shout after performances to indicate approval"
acclaimed
acclaiming
acclaims,"enthusiastic approval; "the book met with modest acclaim"; "he acknowledged the plaudits of the crowd"; "they gave him more eclat than he really deserved"","praise vociferously; "The critics hailed the young pianist as a new Rubinstein"","clap one's hands or shout after performances to indicate approval"
acclamation,"enthusiastic approval; "the book met with modest acclaim"; "he acknowledged the plaudits of the crowd"; "they gave him more eclat than he really deserved""
acclamations,"enthusiastic approval; "the book met with modest acclaim"; "he acknowledged the plaudits of the crowd"; "they gave him more eclat than he really deserved""
acclimate,"get used to a certain climate; "They never acclimatized in Egypt""
acclimated
acclimates,"get used to a certain climate; "They never acclimatized in Egypt""
acclimating
acclimation,"adaptation to a new climate (a new temperature or altitude or environment)"
acclimations,"adaptation to a new climate (a new temperature or altitude or environment)"
acclimatization,"adaptation to a new climate (a new temperature or altitude or environment)"
acclimatizations,"adaptation to a new climate (a new temperature or altitude or environment)"
acclimatize,"get used to a certain climate; "They never acclimatized in Egypt""
acclimatizes,"get used to a certain climate; "They never acclimatized in Egypt""
accolade,"a tangible symbol signifying approval or distinction; "an award for bravery""
accolades,"a tangible symbol signifying approval or distinction; "an award for bravery""
accommodate,"be agreeable or acceptable to; "This suits my needs"","make fit for, or change to suit a new purpose; "Adapt our native cuisine to the available food resources of the new country"","provide with something desired or needed; "Can you accommodate me with a rental car?"","have room for; hold without crowding; "This hotel can accommodate 250 guests"; "The theater admits 300 people"; "The auditorium can't hold more than 500 people"","provide housing for; "We are lodging three foreign students this semester"","provide a service or favor for someone; "We had to oblige him"","make (one thing) compatible with (another); "The scientists had to accommodate the new results with the existing theories""
accommodated
accommodates,"be agreeable or acceptable to; "This suits my needs"","make fit for, or change to suit a new purpose; "Adapt our native cuisine to the available food resources of the new country"","provide with something desired or needed; "Can you accommodate me with a rental car?"","have room for; hold without crowding; "This hotel can accommodate 250 guests"; "The theater admits 300 people"; "The auditorium can't hold more than 500 people"","provide housing for; "We are lodging three foreign students this semester"","provide a service or favor for someone; "We had to oblige him"","make (one thing) compatible with (another); "The scientists had to accommodate the new results with the existing theories""
accommodating,"helpful in bringing about a harmonious adaptation; "the warden was always accommodating in allowing visitors in"; "made a special effort to be accommodating"","obliging; willing to do favors; "made a special effort to be accommodating""
accommodation,"making or becoming suitable; adjusting to circumstances","a settlement of differences; "they reached an accommodation with Japan"","in the theories of Jean Piaget: the modification of internal representations in order to accommodate a changing knowledge of reality","living quarters provided for public convenience; "overnight accommodations are available"","the act of providing something (lodging or seat or food) to meet a need","(physiology) the automatic adjustment in focal length of the natural lens of the eye"
accommodations,"making or becoming suitable; adjusting to circumstances","a settlement of differences; "they reached an accommodation with Japan"","in the theories of Jean Piaget: the modification of internal representations in order to accommodate a changing knowledge of reality","living quarters provided for public convenience; "overnight accommodations are available"","the act of providing something (lodging or seat or food) to meet a need","(physiology) the automatic adjustment in focal length of the natural lens of the eye"
accompanied,"be present or associated with an event or entity; "French fries come with the hamburger"; "heart attacks are accompanied by distruction of heart tissue"; "fish usually goes with white wine"; "this kind of vein accompanies certain arteries"","go or travel along with; "The nurse accompanied the old lady everywhere"","perform an accompaniment to; "The orchestra could barely follow the frequent pitch changes of the soprano"","be a companion to somebody","having companions or an escort; "there were lone gentlemen and gentlemen accompanied by their wives"","playing or singing with instrumental or vocal accompaniment"
accompanies
accompaniment,"an event or situation that happens at the same time as or in connection with another","a musical part (vocal or instrumental) that supports or provides background for other musical parts","something added to complete or embellish or make perfect; "a fine wine is a perfect complement to the dinner"; "wild rice was served as an accompaniment to the main dish"","the act of accompanying someone or something in order to protect them"
accompaniments,"an event or situation that happens at the same time as or in connection with another","a musical part (vocal or instrumental) that supports or provides background for other musical parts","something added to complete or embellish or make perfect; "a fine wine is a perfect complement to the dinner"; "wild rice was served as an accompaniment to the main dish"","the act of accompanying someone or something in order to protect them"
accompanist,"a person who provides musical accompaniment (usually on a piano)"
accompany,"be present or associated with an event or entity; "French fries come with the hamburger"; "heart attacks are accompanied by distruction of heart tissue"; "fish usually goes with white wine"; "this kind of vein accompanies certain arteries"","go or travel along with; "The nurse accompanied the old lady everywhere"","perform an accompaniment to; "The orchestra could barely follow the frequent pitch changes of the soprano"","be a companion to somebody"
accompanying,"following or accompanying as a consequence; "an excessive growth of bureaucracy, with attendant problems"; "snags incidental to the changeover in management"; "attendant circumstances"; "the period of tension and consequent need for military preparedness"; "the ensuant response to his appeal"; "the resultant savings were considerable""
accomplice,"a person who joins with another in carrying out some plan (especially an unethical or illegal plan)"
accomplices,"a person who joins with another in carrying out some plan (especially an unethical or illegal plan)"
accomplish,"put in effect; "carry out a task"; "execute the decision of the people"; "He actioned the operation"","to gain with effort; "she achieved her goal despite setbacks""
accomplished,"highly skilled; "an accomplished pianist"; "a complete musician"","successfully completed or brought to an end; "his mission accomplished he took a vacation"; "the completed project"; "the joy of a realized ambition overcame him"","settled securely and unconditionally; "that smoking causes health problems is an accomplished fact""
accomplisher
accomplishers
accomplishes
accomplishing
accomplishment,"the action of accomplishing something","an ability that has been acquired by training"
accomplishments,"the action of accomplishing something","an ability that has been acquired by training"
accord,"harmony of people's opinions or actions or characters; "the two parties were in agreement"","concurrence of opinion; "we are in accord with your proposal"","a written agreement between two states or sovereigns","sympathetic compatibility","go together; "The colors don't harmonize"; "Their ideas concorded"","allow to have; "grant a privilege""
accordance,"concurrence of opinion; "we are in accord with your proposal"","the act of granting rights; "the accordance to Canada of rights of access""
accordant,"being in agreement or harmony; often followed by `with'; "a place perfectly accordant with man's nature"-Thomas Hardy","in keeping; "salaries agreeable with current trends"; "plans conformable with your wishes"; "expressed views concordant with his background""
accorded
accorder
accorders
according,"(followed by `to') in agreement with or accordant with; "according to instructions"","(followed by `to') as reported or stated by; "according to historians""
accordingly,"(sentence connectors) because of the reason given; "consequently, he didn't do it"; "continued to have severe headaches and accordingly returned to the doctor"","in accordance with; "she acted accordingly""
accordion,"a portable box-shaped free-reed instrument; the reeds are made to vibrate by air from the bellows controlled by the player"
accordions,"a portable box-shaped free-reed instrument; the reeds are made to vibrate by air from the bellows controlled by the player"
accords,"harmony of people's opinions or actions or characters; "the two parties were in agreement"","concurrence of opinion; "we are in accord with your proposal"","a written agreement between two states or sovereigns","sympathetic compatibility","go together; "The colors don't harmonize"; "Their ideas concorded"","allow to have; "grant a privilege""
accost,"speak to someone","approach with an offer of sexual favors; "he was solicited by a prostitute"; "The young man was caught soliciting in the park""
accosted
accosting
accosts,"speak to someone","approach with an offer of sexual favors; "he was solicited by a prostitute"; "The young man was caught soliciting in the park""
account,"a record or narrative description of past events; "a history of France"; "he gave an inaccurate account of the plot to kill the president"; "the story of exposure to lead"","a short account of the news; "the report of his speech"; "the story was on the 11 o'clock news"; "the account of his speech that was given on the evening news made the governor furious"","a formal contractual relationship established to provide for regular banking or brokerage or business services; "he asked to see the executive who handled his account"","a statement that makes something comprehensible by describing the relevant structure or operation or circumstances etc.; "the explanation was very simple"; "I expected a brief account"","grounds; "don't do it on my account"; "the paper was rejected on account of its length"; "he tried to blame the victim but his success on that score was doubtful"","importance or value; "a person of considerable account"; "he predicted that although it is of small account now it will rapidly increase in importance"","a statement of recent transactions and the resulting balance; "they send me an accounting every month"","the act of informing by verbal report; "he heard reports that they were causing trouble"; "by all accounts they were a happy couple"","an itemized statement of money owed for goods shipped or services rendered; "he paid his bill and left"; "send me an account of what I owe"","the quality of taking advantage; "she turned her writing skills to good account"","be the sole or primary factor in the existence, acquisition, supply, or disposal of something; "Passing grades account for half of the grades given in this exam"","keep an account of","to give an account or representation of in words; "Discreet Italian police described it in a manner typically continental"","furnish a justifying analysis or explanation; "I can't account for the missing money""
accountabilities
accountability,"responsibility to someone or for some activity"
accountable,"liable to account for one's actions; "governments must be accountable to someone beside themselves"; "fully accountable for what they did"; "the court held the parents answerable for their minor child's acts of vandalism"; "he was answerable to no one""
accountancies
accountancy,"the occupation of maintaining and auditing records and preparing financial reports for a business"
accountant,"someone who maintains and audits business accounts"
accountants,"someone who maintains and audits business accounts"
accounted
accounting,"a convincing explanation that reveals basic causes; "he was unable to give a clear accounting for his actions"","a system that provides quantitative information about finances","the occupation of maintaining and auditing records and preparing financial reports for a business","a bookkeeper's chronological list of related debits and credits of a business; forms part of a ledger of accounts","a statement of recent transactions and the resulting balance; "they send me an accounting every month""
accountings,"a convincing explanation that reveals basic causes; "he was unable to give a clear accounting for his actions"","a system that provides quantitative information about finances","the occupation of maintaining and auditing records and preparing financial reports for a business","a bookkeeper's chronological list of related debits and credits of a business; forms part of a ledger of accounts","a statement of recent transactions and the resulting balance; "they send me an accounting every month""
accounts,"a record or narrative description of past events; "a history of France"; "he gave an inaccurate account of the plot to kill the president"; "the story of exposure to lead"","a short account of the news; "the report of his speech"; "the story was on the 11 o'clock news"; "the account of his speech that was given on the evening news made the governor furious"","a formal contractual relationship established to provide for regular banking or brokerage or business services; "he asked to see the executive who handled his account"","a statement that makes something comprehensible by describing the relevant structure or operation or circumstances etc.; "the explanation was very simple"; "I expected a brief account"","grounds; "don't do it on my account"; "the paper was rejected on account of its length"; "he tried to blame the victim but his success on that score was doubtful"","importance or value; "a person of considerable account"; "he predicted that although it is of small account now it will rapidly increase in importance"","a statement of recent transactions and the resulting balance; "they send me an accounting every month"","the act of informing by verbal report; "he heard reports that they were causing trouble"; "by all accounts they were a happy couple"","an itemized statement of money owed for goods shipped or services rendered; "he paid his bill and left"; "send me an account of what I owe"","the quality of taking advantage; "she turned her writing skills to good account"","be the sole or primary factor in the existence, acquisition, supply, or disposal of something; "Passing grades account for half of the grades given in this exam"","keep an account of","to give an account or representation of in words; "Discreet Italian police described it in a manner typically continental"","furnish a justifying analysis or explanation; "I can't account for the missing money""
accouter,"provide with military equipment"
accoutered,"provided with necessary articles of equipment for a specialized purpose (especially military); "troops accoutered for battle"; "properly accoutered for the trip""
accoutering
accouters,"provide with military equipment"
accoutre,"provide with military equipment"
accoutred,"provided with necessary articles of equipment for a specialized purpose (especially military); "troops accoutered for battle"; "properly accoutered for the trip""
accoutrement,"clothing that is worn or carried, but not part of your main clothing"
accoutrements,"clothing that is worn or carried, but not part of your main clothing"
accoutres,"provide with military equipment"
accoutring
accredit,"grant credentials to; "The Regents officially recognized the new educational institution"; "recognize an academic degree"","provide or send (envoys or embassadors) with official credentials","ascribe an achievement to; "She was not properly credited in the program""
accredited,"given official approval to act; "an accredited college"; "commissioned broker"; "licensed pharmacist"; "authorized representative""
accrediting
accredits,"grant credentials to; "The Regents officially recognized the new educational institution"; "recognize an academic degree"","provide or send (envoys or embassadors) with official credentials","ascribe an achievement to; "She was not properly credited in the program""
accrete,"grow together (of plants and organs); "After many years the rose bushes grew together"","grow or become attached by accretion; "The story accreted emotion""
accreted
accretes,"grow together (of plants and organs); "After many years the rose bushes grew together"","grow or become attached by accretion; "The story accreted emotion""
accreting
accrual,"the act of accumulating"
accruals,"the act of accumulating"
accrue,"grow by addition; "The interest accrues"","come into the possession of; "The house accrued to the oldest son""
accrued,"periodically accumulated over time; "accrued interest"; "accrued leave""
accrues,"grow by addition; "The interest accrues"","come into the possession of; "The house accrued to the oldest son""
accruing
accumulate,"get or gather together; "I am accumulating evidence for the man's unfaithfulness to his wife"; "She is amassing a lot of data for her thesis"; "She rolled up a small fortune"","collect or gather; "Journals are accumulating in my office"; "The work keeps piling up""
accumulated,"periodically accumulated over time; "accrued interest"; "accrued leave""
accumulates,"get or gather together; "I am accumulating evidence for the man's unfaithfulness to his wife"; "She is amassing a lot of data for her thesis"; "She rolled up a small fortune"","collect or gather; "Journals are accumulating in my office"; "The work keeps piling up""
accumulating
accumulation,"an increase by natural growth or addition","several things grouped together or considered as a whole","the act of accumulating","(finance) profits that are not paid out as dividends but are added to the capital base of the corporation"
accumulations,"an increase by natural growth or addition","several things grouped together or considered as a whole","the act of accumulating","(finance) profits that are not paid out as dividends but are added to the capital base of the corporation"
accumulator,"a person who is employed to collect payments (as for rent or taxes)","a voltaic battery that stores electric charge","(computer science) a register that has a built-in adder that adds an input number to the contents of the register"
accumulators,"a person who is employed to collect payments (as for rent or taxes)","a voltaic battery that stores electric charge","(computer science) a register that has a built-in adder that adds an input number to the contents of the register"
accuracies
accuracy,"the quality of being near to the true value; "he was beginning to doubt the accuracy of his compass"; "the lawyer questioned the truth of my account"","(mathematics) the number of significant figures given in a number; "the atomic clock enabled scientists to measure time with much greater accuracy""
accurate,"conforming exactly or almost exactly to fact or to a standard or performing with total accuracy; "an accurate reproduction"; "the accounting was accurate"; "accurate measurements"; "an accurate scale"","(of ideas, images, representations, expressions) characterized by perfect conformity to fact or truth ; strictly correct; "a precise image"; "a precise measurement""
accurately,"with few mistakes; "he works very accurately"","strictly correctly; "repeated the order accurately""
accurateness
accuratenesses
accursed,"under a curse"
accurst,"under a curse"
accusal,"a formal charge of wrongdoing brought against a person; the act of imputing blame or guilt"
accusals,"a formal charge of wrongdoing brought against a person; the act of imputing blame or guilt"
accusant
accusants
accusation,"a formal charge of wrongdoing brought against a person; the act of imputing blame or guilt","an assertion that someone is guilty of a fault or offence; "the newspaper published charges that Jones was guilty of drunken driving""
accusations,"a formal charge of wrongdoing brought against a person; the act of imputing blame or guilt","an assertion that someone is guilty of a fault or offence; "the newspaper published charges that Jones was guilty of drunken driving""
accuse,"bring an accusation against; level a charge against; "The neighbors accused the man of spousal abuse"","blame for, make a claim of wrongdoing or misbehavior against; "he charged the director with indifference""
accused,"a defendant in a criminal proceeding"
accuser,"someone who imputes guilt or blame"
accusers,"someone who imputes guilt or blame"
accuses,"bring an accusation against; level a charge against; "The neighbors accused the man of spousal abuse"","blame for, make a claim of wrongdoing or misbehavior against; "he charged the director with indifference""
accusing,"containing or expressing accusation; "an accusitive forefinger"; "black accusatory looks"; "accusive shoes and telltale trousers"- O.Henry; "his accusing glare""
accustom,"make psychologically or physically used (to something); "She became habituated to the background music""
accustomed,"(often followed by `to') in the habit of or adapted to; "accustomed to doing her own work"; "I've grown accustomed to her face"","commonly used or practiced; usual; "his accustomed thoroughness"; "took his customary morning walk"; "his habitual comment"; "with her wonted candor""
accustoming
accustoms,"make psychologically or physically used (to something); "She became habituated to the background music""
ace,"the smallest whole number or a numeral representing this number; "he has the one but will need a two and three to go with it"; "they had lunch at one"","one of four playing cards in a deck having a single pip on its face","someone who is dazzlingly skilled in any field","proteolytic enzyme that converts angiotensin I into angiotensin II","a major strategic headquarters of NATO; safeguards an area extending from Norway to Turkey","a serve that the receiver is unable to reach","succeed at easily; "She sailed through her exams"; "You will pass with flying colors"; "She nailed her astrophysics course"","score an ace against; "He aced his opponents"","play (a hole) in one stroke","serve an ace against (someone)","of the highest quality; "an ace reporter"; "a crack shot"; "a first-rate golfer"; "a super party"; "played top-notch tennis"; "an athlete in tiptop condition"; "she is absolutely tops""
aced
acedia,"apathy and inactivity in the practice of virtue (personified as one of the deadly sins)"
acedias,"apathy and inactivity in the practice of virtue (personified as one of the deadly sins)"
aceldama
aceldamas
acentric,"lacking a centromere; "an acentric chromosome fragment"","not centered or having no center"
acequia
acequias
acerate,"narrow and long and pointed; as pine leaves"
acerated
acerb,"sour or bitter in taste","harsh or corrosive in tone; "an acerbic tone piercing otherwise flowery prose"; "a barrage of acid comments"; "her acrid remarks make her many enemies"; "bitter words"; "blistering criticism"; "caustic jokes about political assassination, talk-show hosts and medical ethics"; "a sulfurous denunciation"; "a vitriolic critique""
acerbate,"cause to be bitter or resentful; "These injustices embittered her even more"","make sour or bitter"
acerbated
acerbates,"cause to be bitter or resentful; "These injustices embittered her even more"","make sour or bitter"
acerbating
acerber
acerbest
acerbic,"sour or bitter in taste","harsh or corrosive in tone; "an acerbic tone piercing otherwise flowery prose"; "a barrage of acid comments"; "her acrid remarks make her many enemies"; "bitter words"; "blistering criticism"; "caustic jokes about political assassination, talk-show hosts and medical ethics"; "a sulfurous denunciation"; "a vitriolic critique""
acerbities
acerbity,"a sharp bitterness","a sharp sour taste","a rough and bitter manner"
acerola,"tropical American shrub bearing edible acid red fruit resembling cherries","acid red or yellow cherry-like fruit of a tropical American shrub very rich in vitamin C"
acerolas,"tropical American shrub bearing edible acid red fruit resembling cherries","acid red or yellow cherry-like fruit of a tropical American shrub very rich in vitamin C"
acerose,"narrow and long and pointed; as pine leaves"
acerous
acers,"type genus of the Aceraceae; trees or shrubs having winged fruit"
acervate,"pertaining to a growth of fungi that forms a heaped-up mass; "acervate fungous sporophores""
acervuli
aces,"the smallest whole number or a numeral representing this number; "he has the one but will need a two and three to go with it"; "they had lunch at one"","one of four playing cards in a deck having a single pip on its face","someone who is dazzlingly skilled in any field","proteolytic enzyme that converts angiotensin I into angiotensin II","a major strategic headquarters of NATO; safeguards an area extending from Norway to Turkey","a serve that the receiver is unable to reach","succeed at easily; "She sailed through her exams"; "You will pass with flying colors"; "She nailed her astrophysics course"","score an ace against; "He aced his opponents"","play (a hole) in one stroke","serve an ace against (someone)","of the highest quality; "an ace reporter"; "a crack shot"; "a first-rate golfer"; "a super party"; "played top-notch tennis"; "an athlete in tiptop condition"; "she is absolutely tops""
acescent
acescents
aceta
acetal,"any organic compound formed by adding alcohol molecules to aldehyde molecules"
acetals,"any organic compound formed by adding alcohol molecules to aldehyde molecules"
acetamid
acetamids
acetate,"a salt or ester of acetic acid","a fabric made from fibers of cellulose acetate"
acetated
acetates,"a salt or ester of acetic acid","a fabric made from fibers of cellulose acetate"
acetic,"relating to or containing acetic acid"
acetified,"make sour or more sour","turn acidic; "the solution acetified""
acetifies
acetify,"make sour or more sour","turn acidic; "the solution acetified""
acetifying
acetone,"the simplest ketone; a highly inflammable liquid widely used as an organic solvent and as material for making plastics"
acetones,"the simplest ketone; a highly inflammable liquid widely used as an organic solvent and as material for making plastics"
acetonic,"of or relating to acetone"
acetose,"tasting or smelling like vinegar"
acetous,"tasting or smelling like vinegar"
acetoxyl
acetoxyls
acetum,"a dilute solution of acetic acid that is used as a solvent (e.g. for a drug)","sour-tasting liquid produced usually by oxidation of the alcohol in wine or cider and used as a condiment or food preservative"
acetyl,"the organic group of acetic acid (CH3CO-)"
acetylene,"a colorless flammable gas used chiefly in welding and in organic synthesis"
acetylenes,"a colorless flammable gas used chiefly in welding and in organic synthesis"
acetylic,"of or related to acetic acid"
acetyls,"the organic group of acetic acid (CH3CO-)"
ache,"a dull persistent (usually moderately intense) pain","feel physical pain; "Were you hurting after the accident?"","have a desire for something or someone who is not present; "She ached for a cigarette"; "I am pining for my lover"","be the source of pain"
ached
achene,"small dry indehiscent fruit with the seed distinct from the fruit wall"
achenes,"small dry indehiscent fruit with the seed distinct from the fruit wall"
achenial,"pertaining to dry one-seeded indehiscent fruit"
aches,"a dull persistent (usually moderately intense) pain","feel physical pain; "Were you hurting after the accident?"","have a desire for something or someone who is not present; "She ached for a cigarette"; "I am pining for my lover"","be the source of pain"
achier
achiest
achievable,"capable of existing or taking place or proving true; possible to do"
achieve,"to gain with effort; "she achieved her goal despite setbacks""
achieved
achievement,"the action of accomplishing something"
achievements,"the action of accomplishing something"
achiever,"a person with a record of successes; "his son would never be the achiever that his father was"; "only winners need apply"; "if you want to be a success you have to dress like a success""
achievers,"a person with a record of successes; "his son would never be the achiever that his father was"; "only winners need apply"; "if you want to be a success you have to dress like a success""
achieves,"to gain with effort; "she achieved her goal despite setbacks""
achieving
achiness
achinesses
aching,"a dull persistent (usually moderately intense) pain","causing a dull and steady pain; "my aching head"; "her old achy joints""
achingly
achiote
achiotes
achoo
achromat
achromats
achromic,"having no color"
achy,"causing a dull and steady pain; "my aching head"; "her old achy joints""
acicula,"a needlelike part or structure of a plant or animal or crystal; as a spine or bristle or crystal"
aciculae,"a needlelike part or structure of a plant or animal or crystal; as a spine or bristle or crystal"
acicular,"narrow and long and pointed; as pine leaves"
aciculas,"a needlelike part or structure of a plant or animal or crystal; as a spine or bristle or crystal"
acid,"any of various water-soluble compounds having a sour taste and capable of turning litmus red and reacting with a base to form a salt","street name for lysergic acid diethylamide","harsh or corrosive in tone; "an acerbic tone piercing otherwise flowery prose"; "a barrage of acid comments"; "her acrid remarks make her many enemies"; "bitter words"; "blistering criticism"; "caustic jokes about political assassination, talk-show hosts and medical ethics"; "a sulfurous denunciation"; "a vitriolic critique"","being sour to the taste","having the characteristics of an acid; "an acid reaction""
acidhead
acidheads
acidic,"being or containing an acid; of a solution having an excess of hydrogen atoms (having a pH of less than 7)","being sour to the taste"
acidified,"make sour or more sour","turn acidic; "the solution acetified""
acidifies
acidify,"make sour or more sour","turn acidic; "the solution acetified""
acidifying
acidities
acidity,"the property of being acidic","the taste experience when something acidic is taken into the mouth","pH values below 7"
acidly
acidness
acidnesses
acidoses
acidosis,"abnormally high acidity (excess hydrogen-ion concentration) of the blood and other body tissues"
acidotic,"having or being characterized by acidosis"
acids,"any of various water-soluble compounds having a sour taste and capable of turning litmus red and reacting with a base to form a salt","street name for lysergic acid diethylamide","harsh or corrosive in tone; "an acerbic tone piercing otherwise flowery prose"; "a barrage of acid comments"; "her acrid remarks make her many enemies"; "bitter words"; "blistering criticism"; "caustic jokes about political assassination, talk-show hosts and medical ethics"; "a sulfurous denunciation"; "a vitriolic critique"","being sour to the taste","having the characteristics of an acid; "an acid reaction""
acidy
acierate
acierated
acierates
acierating
aciform
acinar,"pertaining to one of the small sacs (as in a compound gland)","pertaining to the individual parts making up an aggregate fruit like a blackberry"
acing
acini,"one of the small drupes making up an aggregate or multiple fruit like a blackberry","one of the small sacs or saclike dilations in a compound gland"
acinic,"pertaining to one of the small sacs (as in a compound gland)"
acinose,"pertaining to one of the small sacs (as in a compound gland)"
acinous,"pertaining to one of the small sacs (as in a compound gland)"
acinus,"one of the small drupes making up an aggregate or multiple fruit like a blackberry","one of the small sacs or saclike dilations in a compound gland"
acknowledge,"declare to be true or admit the existence or reality or truth of; "He admitted his errors"; "She acknowledged that she might have forgotten"","report the receipt of; "The program committee acknowledged the submission of the authors of the paper"","express recognition of the presence or existence of, or acquaintance with; "He never acknowledges his colleagues when they run into him in the hallway"; "She acknowledged his complement with a smile"; "it is important to acknowledge the work of others in one's own writing"","express obligation, thanks, or gratitude for; "We must acknowledge the kindness she showed towards us"","accept as legally binding and valid; "acknowledge the deed"","accept (someone) to be what is claimed or accept his power and authority; "The Crown Prince was acknowledged as the true heir to the throne"; "We do not recognize your gods""
acknowledged,"recognized or made known or admitted; "the acknowledged leader of the community"; "a woman of acknowledged accomplishments"; "his acknowledged error"","generally accepted"
acknowledgement,"the state or quality of being recognized or acknowledged; "the partners were delighted with the recognition of their work"; "she seems to avoid much in the way of recognition or acknowledgement of feminist work prior to her own"","a statement acknowledging something or someone; "she must have seen him but she gave no sign of acknowledgment"; "the preface contained an acknowledgment of those who had helped her""
acknowledgements,"the state or quality of being recognized or acknowledged; "the partners were delighted with the recognition of their work"; "she seems to avoid much in the way of recognition or acknowledgement of feminist work prior to her own"","a statement acknowledging something or someone; "she must have seen him but she gave no sign of acknowledgment"; "the preface contained an acknowledgment of those who had helped her""
acknowledges,"declare to be true or admit the existence or reality or truth of; "He admitted his errors"; "She acknowledged that she might have forgotten"","report the receipt of; "The program committee acknowledged the submission of the authors of the paper"","express recognition of the presence or existence of, or acquaintance with; "He never acknowledges his colleagues when they run into him in the hallway"; "She acknowledged his complement with a smile"; "it is important to acknowledge the work of others in one's own writing"","express obligation, thanks, or gratitude for; "We must acknowledge the kindness she showed towards us"","accept as legally binding and valid; "acknowledge the deed"","accept (someone) to be what is claimed or accept his power and authority; "The Crown Prince was acknowledged as the true heir to the throne"; "We do not recognize your gods""
acknowledging
acknowledgment,"the state or quality of being recognized or acknowledged; "the partners were delighted with the recognition of their work"; "she seems to avoid much in the way of recognition or acknowledgement of feminist work prior to her own"","a short note recognizing a source of information or of a quoted passage; "the student's essay failed to list several important citations"; "the acknowledgments are usually printed at the front of a book"; "the article includes mention of similar clinical cases"","a statement acknowledging something or someone; "she must have seen him but she gave no sign of acknowledgment"; "the preface contained an acknowledgment of those who had helped her""
acknowledgments,"the state or quality of being recognized or acknowledged; "the partners were delighted with the recognition of their work"; "she seems to avoid much in the way of recognition or acknowledgement of feminist work prior to her own"","a short note recognizing a source of information or of a quoted passage; "the student's essay failed to list several important citations"; "the acknowledgments are usually printed at the front of a book"; "the article includes mention of similar clinical cases"","a statement acknowledging something or someone; "she must have seen him but she gave no sign of acknowledgment"; "the preface contained an acknowledgment of those who had helped her""
aclinic
acmatic
acme,"the highest level or degree attainable; the highest stage of development; "his landscapes were deemed the acme of beauty"; "the artist's gifts are at their acme"; "at the height of her career"; "the peak of perfection"; "summer was at its peak"; "...catapulted Einstein to the pinnacle of fame"; "the summit of his ambition"; "so many highest superlatives achieved by man"; "at the top of his profession"","the highest point (of something); "at the peak of the pyramid""
acmes,"the highest level or degree attainable; the highest stage of development; "his landscapes were deemed the acme of beauty"; "the artist's gifts are at their acme"; "at the height of her career"; "the peak of perfection"; "summer was at its peak"; "...catapulted Einstein to the pinnacle of fame"; "the summit of his ambition"; "so many highest superlatives achieved by man"; "at the top of his profession"","the highest point (of something); "at the peak of the pyramid""
acmic
acne,"an inflammatory disease involving the sebaceous glands of the skin; characterized by papules or pustules or comedones"
acned,"(of complexion) blemished by imperfections of the skin"
acnes,"an inflammatory disease involving the sebaceous glands of the skin; characterized by papules or pustules or comedones"
acnode
acnodes
acock
acold,"of persons; feeling cold; "Poor Tom's acold"- Shakespeare"
acolyte,"someone who assists a priest or minister in a liturgical service; a cleric ordained in the highest of the minor orders in the Roman Catholic Church but not in the Anglican Church or the Eastern Orthodox Churches"
acolytes,"someone who assists a priest or minister in a liturgical service; a cleric ordained in the highest of the minor orders in the Roman Catholic Church but not in the Anglican Church or the Eastern Orthodox Churches"
aconite,"any of various usually poisonous plants of the genus Aconitum having tuberous roots and palmately lobed leaves and blue or white flowers"
aconites,"any of various usually poisonous plants of the genus Aconitum having tuberous roots and palmately lobed leaves and blue or white flowers"
aconitic
aconitum,"genus of poisonous plants of temperate regions of northern hemisphere with a vaulted and enlarged petal"
aconitums,"genus of poisonous plants of temperate regions of northern hemisphere with a vaulted and enlarged petal"
acorn,"fruit of the oak tree: a smooth thin-walled nut in a woody cup-shaped base"
acorns,"fruit of the oak tree: a smooth thin-walled nut in a woody cup-shaped base"
acoustic,"a remedy for hearing loss or deafness","of or relating to the science of acoustics; "acoustic properties of a hall""
acoustical,"of or relating to the science of acoustics; "acoustic properties of a hall""
acoustically,"with respect to acoustics; "acoustically ill-equipped studios""
acoustics,"the study of the physical properties of sound","of or relating to the science of acoustics; "acoustic properties of a hall""
acquaint,"cause to come to know personally; "permit me to acquaint you with my son"; "introduce the new neighbors to the community"","make familiar or conversant with; "you should acquaint yourself with your new computer"; "We familiarized ourselves with the new surroundings"","inform; "Please acquaint your colleagues of your plans to move""
acquaintance,"personal knowledge or information about someone or something","a relationship less intimate than friendship","a person with whom you are acquainted; "I have trouble remembering the names of all my acquaintances"; "we are friends of the family""
acquaintances,"personal knowledge or information about someone or something","a relationship less intimate than friendship","a person with whom you are acquainted; "I have trouble remembering the names of all my acquaintances"; "we are friends of the family""
acquaintanceship,"a relationship less intimate than friendship"
acquaintanceships,"a relationship less intimate than friendship"
acquainted,"having fair knowledge of; "they were acquainted"; "fully acquainted with the facts""
acquainting
acquaints,"cause to come to know personally; "permit me to acquaint you with my son"; "introduce the new neighbors to the community"","make familiar or conversant with; "you should acquaint yourself with your new computer"; "We familiarized ourselves with the new surroundings"","inform; "Please acquaint your colleagues of your plans to move""
acquest
acquests
acquiesce,"to agree or express agreement; "The Maestro assented to the request for an encore""
acquiesced
acquiescence,"acceptance without protest","agreement with a statement or proposal to do something; "he gave his assent eagerly"; "a murmur of acquiescence from the assembly""
acquiescences,"acceptance without protest","agreement with a statement or proposal to do something; "he gave his assent eagerly"; "a murmur of acquiescence from the assembly""
acquiescent,"willing to carry out the orders or wishes of another without protest; "too acquiescent to challenge authority""
acquiescently
acquiesces,"to agree or express agreement; "The Maestro assented to the request for an encore""
acquiescing
acquire,"come into the possession of something concrete or abstract; "She got a lot of paintings from her uncle"; "They acquired a new pet"; "Get your results the next day"; "Get permission to take a few days off from work"","take on a certain form, attribute, or aspect; "His voice took on a sad tone"; "The story took a new turn"; "he adopted an air of superiority"; "She assumed strange manners"; "The gods assume human or animal form in these fables"","come to have or undergo a change of (physical features and attributes); "He grew a beard"; "The patient developed abdominal pains"; "I got funny spots all over my body"; "Well-developed breasts"","locate (a moving entity) by means of a tracking system such as radar","win something through one's efforts; "I acquired a passing knowledge of Chinese"; "Gain an understanding of international finance"","gain knowledge or skills; "She learned dancing from her sister"; "I learned Sanskrit"; "Children acquire language at an amazing rate"","gain through experience; "I acquired a strong aversion to television"; "Children must develop a sense of right and wrong"; "Dave developed leadership qualities in his new position"; "develop a passion for painting""
acquired,"gotten through environmental forces; "acquired characteristics (such as a suntan or a broken nose) cannot be passed on""
acquirer,"a person who acquires something (usually permanently)","a corporation gaining financial control over another corporation or financial institution through a payment in cash or an exchange of stock","the financial institution that dispenses cash in automated teller machines and collects a fee from the bank that issued the credit card","a credit card processing bank; merchants receive credit for credit card receipts less a processing fee"
acquirers,"a person who acquires something (usually permanently)","a corporation gaining financial control over another corporation or financial institution through a payment in cash or an exchange of stock","the financial institution that dispenses cash in automated teller machines and collects a fee from the bank that issued the credit card","a credit card processing bank; merchants receive credit for credit card receipts less a processing fee"
acquires,"come into the possession of something concrete or abstract; "She got a lot of paintings from her uncle"; "They acquired a new pet"; "Get your results the next day"; "Get permission to take a few days off from work"","take on a certain form, attribute, or aspect; "His voice took on a sad tone"; "The story took a new turn"; "he adopted an air of superiority"; "She assumed strange manners"; "The gods assume human or animal form in these fables"","come to have or undergo a change of (physical features and attributes); "He grew a beard"; "The patient developed abdominal pains"; "I got funny spots all over my body"; "Well-developed breasts"","locate (a moving entity) by means of a tracking system such as radar","win something through one's efforts; "I acquired a passing knowledge of Chinese"; "Gain an understanding of international finance"","gain knowledge or skills; "She learned dancing from her sister"; "I learned Sanskrit"; "Children acquire language at an amazing rate"","gain through experience; "I acquired a strong aversion to television"; "Children must develop a sense of right and wrong"; "Dave developed leadership qualities in his new position"; "develop a passion for painting""
acquiring,"the act of acquiring something; "I envied his talent for acquiring"; "he's much more interested in the getting than in the giving""
acquisition,"the act of contracting or assuming or acquiring possession of something; "the acquisition of wealth"; "the acquisition of one company by another"","something acquired; "a recent acquisition by the museum"","the cognitive process of acquiring skill or knowledge; "the child's acquisition of language"","an ability that has been acquired by training"
acquisitions,"the act of contracting or assuming or acquiring possession of something; "the acquisition of wealth"; "the acquisition of one company by another"","something acquired; "a recent acquisition by the museum"","the cognitive process of acquiring skill or knowledge; "the child's acquisition of language"","an ability that has been acquired by training"
acquisitive,"eager to acquire and possess things especially material possessions or ideas; "an acquisitive mind"; "an acquisitive society in which the craving for material things seems never satisfied""
acquit,"pronounce not guilty of criminal charges; "The suspect was cleared of the murder charges"","behave in a certain manner; "She carried herself well"; "he bore himself with dignity"; "They conducted themselves well during these difficult times""
acquits,"pronounce not guilty of criminal charges; "The suspect was cleared of the murder charges"","behave in a certain manner; "She carried herself well"; "he bore himself with dignity"; "They conducted themselves well during these difficult times""
acquitted,"pronounce not guilty of criminal charges; "The suspect was cleared of the murder charges"","behave in a certain manner; "She carried herself well"; "he bore himself with dignity"; "They conducted themselves well during these difficult times"","declared not guilty of a specific offense or crime; legally blameless; "he stands acquitted on all charges"; "the jury found him not guilty by reason of insanity""
acquitting,"pronounce not guilty of criminal charges; "The suspect was cleared of the murder charges"","behave in a certain manner; "She carried herself well"; "he bore himself with dignity"; "They conducted themselves well during these difficult times""
acrasin
acrasins
acre,"a unit of area (4840 square yards) used in English-speaking countries","a territory of western Brazil bordering on Bolivia and Peru","a town and port in northwestern Israel in the eastern Mediterranean"
acreage,"an area of ground used for some particular purpose (such as building or farming); "he wanted some acreage to build on""
acreages,"an area of ground used for some particular purpose (such as building or farming); "he wanted some acreage to build on""
acred
acres,"extensive landed property (especially in the country) retained by the owner for his own use; "the family owned a large estate on Long Island""
acrid,"strong and sharp;"the pungent taste of radishes"; "the acrid smell of burning rubber"","harsh or corrosive in tone; "an acerbic tone piercing otherwise flowery prose"; "a barrage of acid comments"; "her acrid remarks make her many enemies"; "bitter words"; "blistering criticism"; "caustic jokes about political assassination, talk-show hosts and medical ethics"; "a sulfurous denunciation"; "a vitriolic critique""
acrider
acridest
acridine
acridines
acridities
acridity,"having an acrid smell","extreme bitterness; "the acridity of alkali"","the quality of being sharply disagreeable in language or tone"
acridly
acridness,"extreme bitterness; "the acridity of alkali"","the quality of being sharply disagreeable in language or tone"
acridnesses
acrimonies
acrimonious,"marked by strong resentment or cynicism; "an acrimonious dispute"; "bitter about the divorce""
acrimony,"a rough and bitter manner"
acrobat,"an athlete who performs acts requiring skill and agility and coordination"
acrobatic,"vigorously active; "an acrobatic dance"; "an athletic child"; "athletic playing"; "gymnastic exercises""
acrobats,"an athlete who performs acts requiring skill and agility and coordination"
acrodont,"an animal having teeth consolidated with the summit of the alveolar ridge without sockets"
acrodonts,"an animal having teeth consolidated with the summit of the alveolar ridge without sockets"
acrogen,"any flowerless plant such as a fern (pteridophyte) or moss (bryophyte) in which growth occurs only at the tip of the main stem"
acrogens,"any flowerless plant such as a fern (pteridophyte) or moss (bryophyte) in which growth occurs only at the tip of the main stem"
acrolein,"a pungent colorless unsaturated liquid aldehyde made from propene"
acroleins,"a pungent colorless unsaturated liquid aldehyde made from propene"
acrolith
acroliths
acromia,"the outermost point of the spine of the shoulder blade"
acromial
acromion,"the outermost point of the spine of the shoulder blade"
acronic
acronym,"a word formed from the initial letters of the several words in the name"
acronyms,"a word formed from the initial letters of the several words in the name"
across,"to the opposite side; "the football field was 300 feet across"","transversely; "the marble slabs were cut across""
acrostic,"a puzzle where you fill a square grid with words reading the same down as across","verse in which certain letters such as the first in each line form a word or message"
acrostics,"a puzzle where you fill a square grid with words reading the same down as across","verse in which certain letters such as the first in each line form a word or message"
acrotic
acrotism
acrotisms
acrylate,"a salt or ester of propenoic acid"
acrylates,"a salt or ester of propenoic acid"
acrylic,"polymerized from acrylonitrile","a glassy thermoplastic; can be cast and molded or used in coatings and adhesives","used especially by artists","a synthetic fabric"
acrylics,"polymerized from acrylonitrile","a glassy thermoplastic; can be cast and molded or used in coatings and adhesives","used especially by artists","a synthetic fabric"
act,"a legal document codifying the result of deliberations of a committee or society or legislative body","something that people do or cause to happen","a subdivision of a play or opera or ballet","a short theatrical performance that is part of a longer program; "he did his act three times every evening"; "she had a catchy little routine"; "it was one of the best numbers he ever did"","a manifestation of insincerity; "he put on quite an act for her benefit"","perform an action, or work out or perform (an action); "think before you act"; "We must move quickly"; "The governor should act on the new energy bill"; "The nanny acted quickly by grabbing the toddler and covering him with a wet towel"","behave in a certain manner; show a certain behavior; conduct or comport oneself; "You should act like an adult"; "Don't behave like a fool"; "What makes her do this way?"; "The dog acts ferocious, but he is really afraid of people"","play a role or part; "Gielgud played Hamlet"; "She wants to act Lady Macbeth, but she is too young for the role"; "She played the servant to her husband's master"","discharge one's duties; "She acts as the chair"; "In what capacity are you acting?"","pretend to have certain qualities or state of mind; "He acted the idiot"; "She plays deaf when the news are bad"","be suitable for theatrical performance; "This scene acts well"","have an effect or outcome; often the one desired or expected; "The voting process doesn't work as well as people thought"; "How does your idea work in practice?"; "This method doesn't work"; "The breaks of my new car act quickly"; "The medicine works only if you take it with a lot of water"","be engaged in an activity, often for no particular purpose other than pleasure","behave unnaturally or affectedly; "She's just acting"","perform on a stage or theater; "She acts in this play"; "He acted in `Julius Caesar'"; "I played in `A Christmas Carol'""
acta
actable,"capable of being acted; suitable for the stage; "an actable scene""
acted
actin,"one of the proteins into which actomyosin can be split; can exist in either a globular or a fibrous form"
actinal,"(of radiate organisms) located on the surface or end on which the mouth is situated"
acting,"the performance of a part or role in a drama","serving temporarily especially as a substitute; "the acting president""
actings,"the performance of a part or role in a drama","serving temporarily especially as a substitute; "the acting president""
actinia,"a genus of sea anemone common in rock pools","any sea anemone or related animal"
actiniae,"a genus of sea anemone common in rock pools","any sea anemone or related animal"
actinian,"any sea anemone or related animal"
actinians,"any sea anemone or related animal"
actinias,"a genus of sea anemone common in rock pools","any sea anemone or related animal"
actinic,"relating to or exhibiting actinism"
actinide,"any of a series of radioactive elements with atomic numbers 89 through 103"
actinides,"any of a series of radioactive elements with atomic numbers 89 through 103"
actinism,"the property of radiation that enables it to produce photochemical effects"
actinisms,"the property of radiation that enables it to produce photochemical effects"
actinium,"a radioactive element of the actinide series; found in uranium ores"
actiniums,"a radioactive element of the actinide series; found in uranium ores"
actinoid,"any of a series of radioactive elements with atomic numbers 89 through 103","having a radial form; "starfish are actinoid--that is, they are radially symmetrical""
actinoids,"any of a series of radioactive elements with atomic numbers 89 through 103","having a radial form; "starfish are actinoid--that is, they are radially symmetrical""
actinon,"any of a series of radioactive elements with atomic numbers 89 through 103"
actinons,"any of a series of radioactive elements with atomic numbers 89 through 103"
actins,"one of the proteins into which actomyosin can be split; can exist in either a globular or a fibrous form"
action,"something done (usually as opposed to something said); "there were stories of murders and other unnatural actions"","the state of being active; "his sphere of activity"; "he is out of action"","a military engagement; "he saw action in Korea"","a process existing in or produced by nature (rather than by the intent of human beings); "the action of natural forces"; "volcanic activity"","the series of events that form a plot; "his novels always have a lot of action"","the trait of being active and energetic and forceful; "a man of action"","the operating part that transmits power to a mechanism; "the piano had a very stiff action"","a judicial proceeding brought by one party against another; one party prosecutes another for a wrong done or for protection of a right or for prevention of a wrong","an act by a government body or supranational organization; "recent federal action undermined the segregationist position"; "the United Nations must have the power to propose and organize action without being hobbled by irrelevant issues"; "the Union action of emancipating Southern slaves"","the most important or interesting work or activity in a specific area or field; "the action is no longer in technology stocks but in municipal bonds"; "gawkers always try to get as close to the action as possible"","institute legal proceedings against; file a suit against; "He was warned that the district attorney would process him"; "She actioned the company for discrimination"","put in effect; "carry out a task"; "execute the decision of the people"; "He actioned the operation""
actions,"something done (usually as opposed to something said); "there were stories of murders and other unnatural actions"","the state of being active; "his sphere of activity"; "he is out of action"","a military engagement; "he saw action in Korea"","a process existing in or produced by nature (rather than by the intent of human beings); "the action of natural forces"; "volcanic activity"","the series of events that form a plot; "his novels always have a lot of action"","the trait of being active and energetic and forceful; "a man of action"","the operating part that transmits power to a mechanism; "the piano had a very stiff action"","a judicial proceeding brought by one party against another; one party prosecutes another for a wrong done or for protection of a right or for prevention of a wrong","an act by a government body or supranational organization; "recent federal action undermined the segregationist position"; "the United Nations must have the power to propose and organize action without being hobbled by irrelevant issues"; "the Union action of emancipating Southern slaves"","the most important or interesting work or activity in a specific area or field; "the action is no longer in technology stocks but in municipal bonds"; "gawkers always try to get as close to the action as possible"","institute legal proceedings against; file a suit against; "He was warned that the district attorney would process him"; "She actioned the company for discrimination"","put in effect; "carry out a task"; "execute the decision of the people"; "He actioned the operation""
activate,"put in motion or move to act; "trigger a reaction"; "actuate the circuits"","make active or more active; "activate an old file"","make more adsorptive; "activate a metal"","aerate (sewage) so as to favor the growth of organisms that decompose organic matter","make (substances) radioactive"
activated,"(of sewage) treated with aeration and bacteria to aid decomposition","(of e.g. a molecule) made reactive or more reactive","rendered active; e.g. rendered radioactive or luminescent or photosensitive or conductive","(military) set up and placed on active assignment; "a newly activated unit""
activates,"put in motion or move to act; "trigger a reaction"; "actuate the circuits"","make active or more active; "activate an old file"","make more adsorptive; "activate a metal"","aerate (sewage) so as to favor the growth of organisms that decompose organic matter","make (substances) radioactive"
activating,"the activity of causing to have energy and be active","causing motion or action or change"
activation,"stimulation of activity in an organism or chemical","the activity of causing to have energy and be active","making active and effective (as a bomb)"
activations,"stimulation of activity in an organism or chemical","the activity of causing to have energy and be active","making active and effective (as a bomb)"
active,"chemical agent capable of activity","the voice used to indicate that the grammatical subject of the verb is performing the action or causing the happening denoted by the verb; "`The boy threw the ball' uses the active voice"","a person who is a participating member of an organization; "the club issues a list of members, both the actives and the retirees"","tending to become more severe or wider in scope; "active tuberculosis"","engaged in or ready for military or naval operations; "on active duty"; "the platoon is combat-ready"; "review the fighting forces"","disposed to take action or effectuate change; "a director who takes an active interest in corporate operations"; "an active antagonism"; "he was active in drawing attention to their grievances"","taking part in an activity; "an active member of the club"; "he was politically active"; "the participating organizations"","characterized by energetic activity; "an active toddler"; "active as a gazelle"; "an active man is a man of action"","exerting influence or producing a change or effect; "an active ingredient"","full of activity or engaged in continuous activity; "an active seaport"; "an active bond market"; "an active account"","in operation; "keep hope alive"; "the tradition was still alive"; "an active tradition"","(of the sun) characterized by an increased occurrence of sunspots and flares and radio emissions","expressing that the subject of the sentence has the semantic function of actor: "Hemingway favors active constructions"","(used of verbs (e.g. `to run') and participial adjectives (e.g. `running' in `running water')) expressing action rather than a state of being","(of e.g. volcanos) capable of erupting","(of e.g. volcanos) erupting or liable to erupt; "active volcanos"","engaged in full-time work; "active duty"; "though past retirement age he is still active in his profession""
actively,"in an active manner; "he participated actively in the war""
actives,"chemical agent capable of activity","the voice used to indicate that the grammatical subject of the verb is performing the action or causing the happening denoted by the verb; "`The boy threw the ball' uses the active voice"","a person who is a participating member of an organization; "the club issues a list of members, both the actives and the retirees"","tending to become more severe or wider in scope; "active tuberculosis"","engaged in or ready for military or naval operations; "on active duty"; "the platoon is combat-ready"; "review the fighting forces"","disposed to take action or effectuate change; "a director who takes an active interest in corporate operations"; "an active antagonism"; "he was active in drawing attention to their grievances"","taking part in an activity; "an active member of the club"; "he was politically active"; "the participating organizations"","characterized by energetic activity; "an active toddler"; "active as a gazelle"; "an active man is a man of action"","exerting influence or producing a change or effect; "an active ingredient"","full of activity or engaged in continuous activity; "an active seaport"; "an active bond market"; "an active account"","in operation; "keep hope alive"; "the tradition was still alive"; "an active tradition"","(of the sun) characterized by an increased occurrence of sunspots and flares and radio emissions","expressing that the subject of the sentence has the semantic function of actor: "Hemingway favors active constructions"","(used of verbs (e.g. `to run') and participial adjectives (e.g. `running' in `running water')) expressing action rather than a state of being","(of e.g. volcanos) capable of erupting","(of e.g. volcanos) erupting or liable to erupt; "active volcanos"","engaged in full-time work; "active duty"; "though past retirement age he is still active in his profession""
activism,"a policy of taking direct and militant action to achieve a political or social goal"
activisms,"a policy of taking direct and militant action to achieve a political or social goal"
activist,"a militant reformer","advocating or engaged in activism"
activists,"a militant reformer","advocating or engaged in activism"
activities
activity,"any specific behavior; "they avoided all recreational activity"","the state of being active; "his sphere of activity"; "he is out of action"","an organic process that takes place in the body; "respiratory activity"","(chemistry) the capacity of a substance to take part in a chemical reaction; "catalytic activity"","a process existing in or produced by nature (rather than by the intent of human beings); "the action of natural forces"; "volcanic activity"","the trait of being active; moving or acting rapidly and energetically; "the level of activity declines with age""
actor,"a theatrical performer","a person who acts and gets things done; "he's a principal actor in this affair"; "when you want something done get a doer"; "he's a miracle worker""
actorish
actors,"a theatrical performer","a person who acts and gets things done; "he's a principal actor in this affair"; "when you want something done get a doer"; "he's a miracle worker""
actress,"a female actor"
actresses
acts,"a New Testament book describing the development of the early church from Christ's Ascension to Paul's sojourn at Rome","perform an action, or work out or perform (an action); "think before you act"; "We must move quickly"; "The governor should act on the new energy bill"; "The nanny acted quickly by grabbing the toddler and covering him with a wet towel"","behave in a certain manner; show a certain behavior; conduct or comport oneself; "You should act like an adult"; "Don't behave like a fool"; "What makes her do this way?"; "The dog acts ferocious, but he is really afraid of people"","play a role or part; "Gielgud played Hamlet"; "She wants to act Lady Macbeth, but she is too young for the role"; "She played the servant to her husband's master"","discharge one's duties; "She acts as the chair"; "In what capacity are you acting?"","pretend to have certain qualities or state of mind; "He acted the idiot"; "She plays deaf when the news are bad"","be suitable for theatrical performance; "This scene acts well"","have an effect or outcome; often the one desired or expected; "The voting process doesn't work as well as people thought"; "How does your idea work in practice?"; "This method doesn't work"; "The breaks of my new car act quickly"; "The medicine works only if you take it with a lot of water"","be engaged in an activity, often for no particular purpose other than pleasure","behave unnaturally or affectedly; "She's just acting"","perform on a stage or theater; "She acts in this play"; "He acted in `Julius Caesar'"; "I played in `A Christmas Carol'""
actual,"presently existing in fact and not merely potential or possible; "the predicted temperature and the actual temperature were markedly different"; "actual and imagined conditions"","taking place in reality; not pretended or imitated; "we saw the actual wedding on television"; "filmed the actual beating"","being or reflecting the essential or genuine character of something; "her actual motive"; "a literal solitude like a desert"- G.K.Chesterton; "a genuine dilemma"","existing in act or fact; "rocks and trees...the actual world"; "actual heroism"; "the actual things that produced the emotion you experienced"","being or existing at the present moment; "the ship's actual position is 22 miles due south of Key West""
actualities
actuality,"the state of actually existing objectively; "a hope that progressed from possibility to actuality""
actualization,"making real or giving the appearance of reality"
actualizations,"making real or giving the appearance of reality"
actualize,"make real or concrete; give reality or substance to; "our ideas must be substantiated into actions"","represent or describe realistically"
actualized
actualizes,"make real or concrete; give reality or substance to; "our ideas must be substantiated into actions"","represent or describe realistically"
actualizing
actually,"in actual fact; "to be nominally but not actually independent"; "no one actually saw the shark"; "large meteorites actually come from the asteroid belt"","used to imply that one would expect the fact to be the opposite of that stated; surprisingly; "you may actually be doing the right thing by walking out"; "she actually spoke Latin"; "they thought they made the rules but in reality they were only puppets"; "people who seem stand-offish are in reality often simply nervous"","at the present moment; "the transmission screen shows the picture that is actually on the air"","as a sentence modifier to add slight emphasis; "actually, we all help clear up after a meal"; "actually, I haven't seen the film"; "I'm not all that surprised actually"; "she hasn't proved to be too satisfactory, actually""
actuarial,"of or relating to the work of an actuary"
actuaries
actuary,"someone versed in the collection and interpretation of numerical data (especially someone who uses statistics to calculate insurance premiums)"
actuate,"put in motion or move to act; "trigger a reaction"; "actuate the circuits"","give an incentive for action; "This moved me to sacrifice my career""
actuated,"moved to action; "a man actuated by unworthy desired""
actuates,"put in motion or move to act; "trigger a reaction"; "actuate the circuits"","give an incentive for action; "This moved me to sacrifice my career""
actuating,"causing motion or action or change"
actuator,"a mechanism that puts something into automatic action"
actuators,"a mechanism that puts something into automatic action"
acuate,"ending in a sharp point"
acuities
acuity,"sharpness of vision; the visual ability to resolve fine detail (usually measured by a Snellen chart)","a quick and penetrating intelligence; "he argued with great acuteness"; "I admired the keenness of his mind""
aculeate,"having or resembling a stinger or barb; "aculeate insects such as bees and wasps""
acumen,"a tapering point","shrewdness shown by keen insight"
acumens,"a tapering point","shrewdness shown by keen insight"
acupuncture,"treatment of pain or disease by inserting the tips of needles at specific points on the skin"
acupunctures,"treatment of pain or disease by inserting the tips of needles at specific points on the skin"
acupuncturist
acupuncturists
acutance
acutances
acute,"a mark (') placed above a vowel to indicate pronunciation","having or experiencing a rapid onset and short but severe course; "acute appendicitis"; "the acute phase of the illness"; "acute patients"","extremely sharp or intense; "acute pain"; "felt acute annoyance"; "intense itching and burning"","having or demonstrating ability to recognize or draw fine distinctions; "an acute observer of politics and politicians"; "incisive comments"; "icy knifelike reasoning"; "as sharp and incisive as the stroke of a fang"; "penetrating insight"; "frequent penetrative observations"","of an angle; less than 90 degrees","ending in a sharp point","of critical importance and consequence; "an acute (or critical) lack of research funds""
acutely,"in an acute manner; "she pitied her sister acutely"; "acutely aware"","having a rapid onset; "an acutely debilitating virus"","changing suddenly in direction and degree; "the road twists sharply after the light"; "turn sharp left here"; "the visor was acutely peaked"; "her shoes had acutely pointed toes"","in a shrewd manner; "he invested his fortune astutely"; "he was acutely insightful""
acuteness,"a sensitivity that is keen and highly developed; "dogs have a remarkable acuteness of smell"","a quick and penetrating intelligence; "he argued with great acuteness"; "I admired the keenness of his mind"","the quality of having a sharp edge or point"
acutenesses
acuter
acutes,"a mark (') placed above a vowel to indicate pronunciation","having or experiencing a rapid onset and short but severe course; "acute appendicitis"; "the acute phase of the illness"; "acute patients"","extremely sharp or intense; "acute pain"; "felt acute annoyance"; "intense itching and burning"","having or demonstrating ability to recognize or draw fine distinctions; "an acute observer of politics and politicians"; "incisive comments"; "icy knifelike reasoning"; "as sharp and incisive as the stroke of a fang"; "penetrating insight"; "frequent penetrative observations"","of an angle; less than 90 degrees","ending in a sharp point","of critical importance and consequence; "an acute (or critical) lack of research funds""
acutest
acyclic,"not cyclic; especially having parts arranged in spirals rather than whorls","having an open chain structure"
acyl,"any group or radical of the form RCO- where R is an organic group; "an example of the acyl group is the acetyl group""
acylate
acylated
acylates
acylating
acyls,"any group or radical of the form RCO- where R is an organic group; "an example of the acyl group is the acetyl group""
