image,"an iconic mental representation; "her imagination forced images upon her too awful to contemplate"","(Jungian psychology) a personal facade that one presents to the world; "a public image is as fragile as Humpty Dumpty"","a visual representation (of an object or scene or person or abstraction) produced on a surface; "they showed us the pictures of their wedding"; "a movie is a series of images projected so rapidly that the eye integrates them"","a standard or typical example; "he is the prototype of good breeding"; "he provided America with an image of the good father"","language used in a figurative or nonliteral sense","someone who closely resembles a famous person (especially an actor); "he could be Gingrich's double"; "she's the very image of her mother"","(mathematics) the set of values of the dependent variable for which a function is defined; "the image of f(x) = x^2 is the set of all non-negative real numbers if the domain of the function is the set of all real numbers"","the general impression that something (a person or organization or product) presents to the public; "although her popular image was contrived it served to inspire music and pageantry"; "the company tried to project an altruistic image"","a representation of a person (especially in the form of sculpture); "the coin bears an effigy of Lincoln"; "the emperor's tomb had his image carved in stone"","render visible, as by means of MRI","imagine; conceive of; see in one's mind; "I can't see him on horseback!"; "I can see what will happen"; "I can see a risk in this strategy""
imaged
imageries
imagery,"the ability to form mental images of things or events; "he could still hear her in his imagination""
images,"an iconic mental representation; "her imagination forced images upon her too awful to contemplate"","(Jungian psychology) a personal facade that one presents to the world; "a public image is as fragile as Humpty Dumpty"","a visual representation (of an object or scene or person or abstraction) produced on a surface; "they showed us the pictures of their wedding"; "a movie is a series of images projected so rapidly that the eye integrates them"","a standard or typical example; "he is the prototype of good breeding"; "he provided America with an image of the good father"","language used in a figurative or nonliteral sense","someone who closely resembles a famous person (especially an actor); "he could be Gingrich's double"; "she's the very image of her mother"","(mathematics) the set of values of the dependent variable for which a function is defined; "the image of f(x) = x^2 is the set of all non-negative real numbers if the domain of the function is the set of all real numbers"","the general impression that something (a person or organization or product) presents to the public; "although her popular image was contrived it served to inspire music and pageantry"; "the company tried to project an altruistic image"","a representation of a person (especially in the form of sculpture); "the coin bears an effigy of Lincoln"; "the emperor's tomb had his image carved in stone"","render visible, as by means of MRI","imagine; conceive of; see in one's mind; "I can't see him on horseback!"; "I can see what will happen"; "I can see a risk in this strategy""
imaginable,"capable of being imagined; "that is one possible answer""
imaginably
imaginal
imaginary,"(mathematics) a number of the form a+bi where a and b are real numbers and i is the square root of -1","not based on fact; unreal; "the falsehood about some fanciful secret treaties"- F.D.Roosevelt; "a small child's imaginary friends"; "to create a notional world for oneself""
imagination,"the formation of a mental image of something that is not perceived as real and is not present to the senses; "popular imagination created a world of demons"; "imagination reveals what the world could be"","the ability to form mental images of things or events; "he could still hear her in his imagination"","the ability to deal resourcefully with unusual problems; "a man of resource""
imaginations,"the formation of a mental image of something that is not perceived as real and is not present to the senses; "popular imagination created a world of demons"; "imagination reveals what the world could be"","the ability to form mental images of things or events; "he could still hear her in his imagination"","the ability to deal resourcefully with unusual problems; "a man of resource""
imaginative,"(used of persons or artifacts) marked by independence and creativity in thought or action; "an imaginative use of material"; "the invention of the knitting frame by another ingenious English clergyman"- Lewis Mumford; "an ingenious device"; "had an inventive turn of mind"; "inventive ceramics""
imaginatively,"with imagination; "the room was decorated very imaginatively""
imagine,"form a mental image of something that is not present or that is not the case; "Can you conceive of him as the president?"","expect, believe, or suppose; "I imagine she earned a lot of money with her new novel"; "I thought to find her in a bad state"; "he didn't think to find her in the kitchen"; "I guess she is angry at me for standing her up""
imagined
imaginer
imaginers
imagines,"(psychoanalysis) an idealized image of someone (usually a parent) formed in childhood","an adult insect produced after metamorphosis","form a mental image of something that is not present or that is not the case; "Can you conceive of him as the president?"","expect, believe, or suppose; "I imagine she earned a lot of money with her new novel"; "I thought to find her in a bad state"; "he didn't think to find her in the kitchen"; "I guess she is angry at me for standing her up""
imaging,"the ability to form mental images of things or events; "he could still hear her in his imagination"","(medicine) obtaining pictures of the interior of the body"
imagining
imagism,"a movement by American and English poets early in the 20th century in reaction to Victorian sentimentality; used common speech in free verse with clear concrete imagery"
imagisms,"a movement by American and English poets early in the 20th century in reaction to Victorian sentimentality; used common speech in free verse with clear concrete imagery"
imagist
imagists
imago,"(psychoanalysis) an idealized image of someone (usually a parent) formed in childhood","an adult insect produced after metamorphosis"
imagoes,"(psychoanalysis) an idealized image of someone (usually a parent) formed in childhood","an adult insect produced after metamorphosis"
imam,"(Islam) the man who leads prayers in a mosque; for Shiites an imam is a recognized authority on Islamic theology and law and a spiritual guide"
imamate
imamates
imams,"(Islam) the man who leads prayers in a mosque; for Shiites an imam is a recognized authority on Islamic theology and law and a spiritual guide"
imaret,"a hostel for pilgrims in Turkey"
imarets,"a hostel for pilgrims in Turkey"
imaum,"(Islam) the man who leads prayers in a mosque; for Shiites an imam is a recognized authority on Islamic theology and law and a spiritual guide"
imaums,"(Islam) the man who leads prayers in a mosque; for Shiites an imam is a recognized authority on Islamic theology and law and a spiritual guide"
imbalance,"a lack of balance or state of disequilibrium; "a hormonal imbalance"","(mathematics) a lack of symmetry"
imbalances,"a lack of balance or state of disequilibrium; "a hormonal imbalance"","(mathematics) a lack of symmetry"
imbalm
imbalmed
imbalmer
imbalmers
imbalming
imbalms
imbark
imbarked
imbarking
imbarks
imbecile,"a person of subnormal intelligence","having a mental age of three to seven years"
imbeciles,"a person of subnormal intelligence","having a mental age of three to seven years"
imbecilic,"having a mental age of three to seven years"
imbecilities
imbecility,"retardation more severe than a moron but not as severe as an idiot","a stupid mistake"
imbed,"fix or set securely or deeply; "He planted a knee in the back of his opponent"; "The dentist implanted a tooth in the gum""
imbedded,"fix or set securely or deeply; "He planted a knee in the back of his opponent"; "The dentist implanted a tooth in the gum""
imbedding,"fix or set securely or deeply; "He planted a knee in the back of his opponent"; "The dentist implanted a tooth in the gum""
imbeds,"fix or set securely or deeply; "He planted a knee in the back of his opponent"; "The dentist implanted a tooth in the gum""
imbibe,"take in, also metaphorically; "The sponge absorbs water well"; "She drew strength from the minister's words"","take (gas, light or heat) into a solution","take in liquids; "The patient must drink several liters each day"; "The children like to drink soda"","receive into the mind and retain; "Imbibe ethical principles""
imbibed
imbiber,"a person who drinks alcoholic beverages (especially to excess)"
imbibers,"a person who drinks alcoholic beverages (especially to excess)"
imbibes,"take in, also metaphorically; "The sponge absorbs water well"; "She drew strength from the minister's words"","take (gas, light or heat) into a solution","take in liquids; "The patient must drink several liters each day"; "The children like to drink soda"","receive into the mind and retain; "Imbibe ethical principles""
imbibing,"the act of consuming liquids"
imbitter
imbittered
imbittering
imbitters
imblaze
imblazed
imblazes
imblazing
imbodied
imbodies
imbody
imbodying
imbolden
imboldened
imboldening
imboldens
imbosom
imbosomed
imbosoming
imbosoms
imbower
imbowered
imbowering
imbowers
imbroglio,"an intricate and confusing interpersonal or political situation","a very embarrassing misunderstanding"
imbroglios,"an intricate and confusing interpersonal or political situation","a very embarrassing misunderstanding"
imbrown
imbrowned
imbrowning
imbrowns
imbrue,"permeate or impregnate; "The war drenched the country in blood""
imbrued
imbrues,"permeate or impregnate; "The war drenched the country in blood""
imbruing
imbrute
imbruted
imbrutes
imbruting
imbue,"spread or diffuse through; "An atmosphere of distrust has permeated this administration"; "music penetrated the entire building"; "His campaign was riddled with accusations and personal attacks"","fill, soak, or imbue totally; "soak the bandage with disinfectant"","suffuse with color"
imbued
imbues,"spread or diffuse through; "An atmosphere of distrust has permeated this administration"; "music penetrated the entire building"; "His campaign was riddled with accusations and personal attacks"","fill, soak, or imbue totally; "soak the bandage with disinfectant"","suffuse with color"
imbuing
imid
imide,"any of a class of organic compounds that contain the divalent radical -CONHCO-"
imides,"any of a class of organic compounds that contain the divalent radical -CONHCO-"
imidic
imido
imids
imine
imines
imino
imitable
imitate,"reproduce someone's behavior or looks; "The mime imitated the passers-by"; "Children often copy their parents or older siblings"","appear like, as in behavior or appearance; "Life imitate art"","make a reproduction or copy of"
imitated
imitates,"reproduce someone's behavior or looks; "The mime imitated the passers-by"; "Children often copy their parents or older siblings"","appear like, as in behavior or appearance; "Life imitate art"","make a reproduction or copy of"
imitating
imitation,"the doctrine that representations of nature or human behavior should be accurate imitations","something copied or derived from an original","copying (or trying to copy) the actions of someone else","a representation of a person that is exaggerated for comic effect","not genuine or real; being an imitation of the genuine article; "it isn't fake anything; it's real synthetic fur"; "faux pearls"; "false teeth"; "decorated with imitation palm leaves"; "a purse of simulated alligator hide""
imitations,"the doctrine that representations of nature or human behavior should be accurate imitations","something copied or derived from an original","copying (or trying to copy) the actions of someone else","a representation of a person that is exaggerated for comic effect","not genuine or real; being an imitation of the genuine article; "it isn't fake anything; it's real synthetic fur"; "faux pearls"; "false teeth"; "decorated with imitation palm leaves"; "a purse of simulated alligator hide""
imitator,"someone who (fraudulently) assumes the appearance of another","someone who copies the words or behavior of another"
imitators,"someone who (fraudulently) assumes the appearance of another","someone who copies the words or behavior of another"
immaculate,"completely neat and clean; "the apartment was immaculate"; "in her immaculate white uniform"; "a spick-and-span kitchen"; "their spic red-visored caps"","free from stain or blemish","without fault or error; "faultless logic"; "speaks impeccable French"; "timing and technique were immaculate"; "an immaculate record""
immaculately,"in an immaculate manner; "gone was the casually dressed Canadian she had thought a backwoodsman--this man was immaculately tailored""
immane
immanent,"of a mental act performed entirely within the mind; "a cognition is an immanent act of mind"","of qualities that are spread throughout something; "ambition is immanent in human nature"; "we think of God as immanent in nature""
immaterial,"of no importance or relevance especially to a law case; "an objection that is immaterial after the fact"","without material form or substance; "an incorporeal spirit"","not consisting of matter; "immaterial apparitions"; "ghosts and other immaterial entities"","not pertinent to the matter under consideration; "an issue extraneous to the debate"; "the price was immaterial"; "mentioned several impertinent facts before finally coming to the point"","(often followed by `to') lacking importance; not mattering one way or the other; "whether you choose to do it or not is a matter that is quite immaterial (or indifferent)"; "what others think is altogether indifferent to him""
immaterialities
immateriality,"complete irrelevance requiring no further consideration","the quality of not being physical; not consisting of matter"
immature,"characteristic of a lack of maturity; "immature behavior"","(used of living things especially persons) in an early period of life or development or growth; "young people"","not fully developed or mature; not ripe; "unripe fruit"; "fried green tomatoes"; "green wood"","not yet mature","(of birds) not yet having developed feathers; "a small unfledged sparrow on the window sill""
immatures,"characteristic of a lack of maturity; "immature behavior"","(used of living things especially persons) in an early period of life or development or growth; "young people"","not fully developed or mature; not ripe; "unripe fruit"; "fried green tomatoes"; "green wood"","not yet mature","(of birds) not yet having developed feathers; "a small unfledged sparrow on the window sill""
immaturities
immaturity,"not having reached maturity"
immeasurable,"impossible to measure; "unmeasurable reaches of outer space"","beyond calculation or measure; "of incalculable value"; "an incomputable amount"; "jewels of inestimable value"; "immeasurable wealth""
immeasurably,"to an immeasurable degree; beyond measurement; "the war left him immeasurably fearful of what man can do to man"","without bounds; "he is infinitely wealthy""
immediacies
immediacy,"lack of an intervening or mediating agency; "the immediacy of television coverage"","immediate intuitive awareness","the quickness of action or occurrence; "the immediacy of their response"; "the instancy of modern communication""
immediate,"of the present time and place; "the immediate revisions"","very close or connected in space or time; "contiguous events"; "immediate contact"; "the immediate vicinity"; "the immediate past"","having no intervening medium; "an immediate influence"","immediately before or after as in a chain of cause and effect; "the immediate result"; "the immediate cause of the trouble"","performed with little or no delay; "an immediate reply to my letter"; "a prompt reply"; "was quick to respond"; "a straightaway denial""
immediately,"without delay or hesitation; with no time intervening; "he answered immediately"; "found an answer straightaway"; "an official accused of dishonesty should be suspended forthwith"; "Come here now!"","near or close by; "he passed immediately behind her"","bearing an immediate relation; "this immediately concerns your future""
immemorial,"long past; beyond the limits of memory or tradition or recorded history; "time immemorial""
immense,"unusually great in size or amount or degree or especially extent or scope; "huge government spending"; "huge country estates"; "huge popular demand for higher education"; "a huge wave"; "the Los Angeles aqueduct winds like an immense snake along the base of the mountains"; "immense numbers of birds"; "at vast (or immense) expense"; "the vast reaches of outer space"; "the vast accumulation of knowledge...which we call civilization"- W.R.Inge"
immensely,"to an exceedingly great extent or degree; "He had vastly overestimated his resources"; "was immensely more important to the project as a scientist than as an administrator""
immenser
immensest
immensities
immensity,"unusual largeness in size or extent or number"
immerge
immerged
immerges
immerging
immerse,"thrust or throw into; "Immerse yourself in hot water"","devote (oneself) fully to; "He immersed himself into his studies"","enclose or envelop completely, as if by swallowing; "The huge waves swallowed the small boat and it sank shortly thereafter"","cause to be immersed; "The professor plunged his students into the study of the Italian text""
immersed
immerses,"thrust or throw into; "Immerse yourself in hot water"","devote (oneself) fully to; "He immersed himself into his studies"","enclose or envelop completely, as if by swallowing; "The huge waves swallowed the small boat and it sank shortly thereafter"","cause to be immersed; "The professor plunged his students into the study of the Italian text""
immersing
immersion,"sinking until covered completely with water","(astronomy) the disappearance of a celestial body prior to an eclipse","complete attention; intense mental effort","a form of baptism in which part or all of a person's body is submerged","the act of wetting something by submerging it"
immersions,"sinking until covered completely with water","(astronomy) the disappearance of a celestial body prior to an eclipse","complete attention; intense mental effort","a form of baptism in which part or all of a person's body is submerged","the act of wetting something by submerging it"
immesh
immeshed
immeshes
immeshing
immies
immigrant,"a person who comes to a country where they were not born in order to settle there"
immigrants,"a person who comes to a country where they were not born in order to settle there"
immigrate,"migrate to a new environment; "only few plants can immigrate to the island"","introduce or send as immigrants; "Britain immigrated many colonists to America"","come into a new country and change residency; "Many people immigrated at the beginning of the 20th century""
immigrated
immigrates,"migrate to a new environment; "only few plants can immigrate to the island"","introduce or send as immigrants; "Britain immigrated many colonists to America"","come into a new country and change residency; "Many people immigrated at the beginning of the 20th century""
immigrating
immigration,"migration into a place (especially migration to a country of which you are not a native in order to settle there)","the body of immigrants arriving during a specified interval; "the increased immigration strengthened the colony""
immigrations,"migration into a place (especially migration to a country of which you are not a native in order to settle there)","the body of immigrants arriving during a specified interval; "the increased immigration strengthened the colony""
imminence,"the state of being imminent and liable to happen soon"
imminences,"the state of being imminent and liable to happen soon"
imminent,"close in time; about to occur; "retribution is at hand"; "some people believe the day of judgment is close at hand"; "in imminent danger"; "his impending retirement""
imminently,"in an imminent manner"
immingle,"combine into one; "blend the nuts and raisins together"; "he blends in with the crowd"; "We don't intermingle much""
immingled
immingles,"combine into one; "blend the nuts and raisins together"; "he blends in with the crowd"; "We don't intermingle much""
immingling
immix,"mix together different elements; "The colors blend well""
immixed
immixes
immixing
immobile,"not capable of movement or of being moved","securely fixed in place; "the post was still firm after being hit by the car""
immobilities
immobility,"remaining in place","the quality of not moving"
immobilize,"hold as reserve or withdraw from circulation; of capital","to hold fast or prevent from moving; "The child was pinned under the fallen tree"","make defenseless","convert (assets) into fixed capital","prohibit the conversion or use of (assets); "Blocked funds"; "Freeze the assets of this hostile government"","cause to be unable to move; "The sudden storm immobilized the traffic""
immobilized
immobilizes,"hold as reserve or withdraw from circulation; of capital","to hold fast or prevent from moving; "The child was pinned under the fallen tree"","make defenseless","convert (assets) into fixed capital","prohibit the conversion or use of (assets); "Blocked funds"; "Freeze the assets of this hostile government"","cause to be unable to move; "The sudden storm immobilized the traffic""
immobilizing,"the act of limiting movement or making incapable of movement; "the storm caused complete immobilization of the rescue team""
immoderacies
immoderacy
immoderate,"beyond reasonable limits; "immoderate laughter"; "immoderate spending""
immoderately,"without moderation; in an immoderate manner; "he eats immoderately"","to a degree that exceeds the bounds or reason or moderation; "his prices are unreasonably high""
immodest,"having or showing an exaggerated opinion of your importance, ability, etc; "brash immodest boasting"","offending against sexual mores in conduct or appearance"
immodesties
immodestly,"without modesty; in an immodest manner; "the book was entitled, immodestly, `All about Wisdom'""
immodesty,"the trait of being vain and conceited","the perverse act of exposing and attracting attention to your own genitals"
immolate,"offer as a sacrifice by killing or by giving up to destruction; "The Aztecs immolated human victims"; "immolate the valuables at the temple""
immolated
immolates,"offer as a sacrifice by killing or by giving up to destruction; "The Aztecs immolated human victims"; "immolate the valuables at the temple""
immolating
immolation,"killing or offering as a sacrifice"
immolations,"killing or offering as a sacrifice"
immoral,"deliberately violating accepted principles of right and wrong","not adhering to ethical or moral principles; "base and unpatriotic motives"; "a base, degrading way of life"; "cheating is dishonorable"; "they considered colonialism immoral"; "unethical practices in handling public funds""
immoralities
immorality,"the quality of not being in accord with standards of right or good conduct; "the immorality of basing the defense of the West on the threat of mutual assured destruction"","morally objectionable behavior"
immorally,"without regard for morality; "he acted immorally when his own interests were at stake""
immortal,"a person (such as an author) of enduring fame; "Shakespeare is one of the immortals"","any supernatural being worshipped as controlling some part of the world or some aspect of life or who is the personification of a force","not subject to death"
immortalities
immortality,"the quality or state of being immortal","perpetual life after death"
immortalize,"be or provide a memorial to a person or an event; "This sculpture commemorates the victims of the concentration camps"; "We memorialized the Dead"","make famous forever; "This melody immortalized its composer""
immortalized
immortalizes,"be or provide a memorial to a person or an event; "This sculpture commemorates the victims of the concentration camps"; "We memorialized the Dead"","make famous forever; "This melody immortalized its composer""
immortalizing
immortals,"a person (such as an author) of enduring fame; "Shakespeare is one of the immortals"","any supernatural being worshipped as controlling some part of the world or some aspect of life or who is the personification of a force","not subject to death"
immotile,"(of spores or microorganisms) not capable of movement"
immovabilities
immovability,"not capable of being moved or rearranged"
immovable,"property consisting of houses and land","not able or intended to be moved; "the immovable hills""
immovably,"so as to be incapable of moving; "the mountains brooded immovably above the river""
immune,"a person who is immune to a particular infection","relating to the condition of immunity; "the immune system"","secure against; "immune from taxation as long as he resided in Bermuda"; "immune from criminal prosecution"","relating to or conferring immunity (to disease or infection)","(usually followed by `to') not affected by a given influence; "immune to persuasion""
immunes,"a person who is immune to a particular infection","relating to the condition of immunity; "the immune system"","secure against; "immune from taxation as long as he resided in Bermuda"; "immune from criminal prosecution"","relating to or conferring immunity (to disease or infection)","(usually followed by `to') not affected by a given influence; "immune to persuasion""
immunise,"law: grant immunity from prosecution","perform vaccinations or produce immunity in by inoculation; "We vaccinate against scarlet fever"; "The nurse vaccinated the children in the school""
immunised,"having been rendered unsusceptible to a disease"
immunises,"law: grant immunity from prosecution","perform vaccinations or produce immunity in by inoculation; "We vaccinate against scarlet fever"; "The nurse vaccinated the children in the school""
immunising
immunities
immunity,"the state of not being susceptible; "unsusceptibility to rust"","(medicine) the condition in which an organism can resist disease","the quality of being unaffected by something; "immunity to criticism"","an act exempting someone; "he was granted immunity from prosecution""
immunization,"the act of making immune (especially by inoculation)"
immunizations,"the act of making immune (especially by inoculation)"
immunize,"law: grant immunity from prosecution","perform vaccinations or produce immunity in by inoculation; "We vaccinate against scarlet fever"; "The nurse vaccinated the children in the school""
immunized,"having been rendered unsusceptible to a disease"
immunizes,"law: grant immunity from prosecution","perform vaccinations or produce immunity in by inoculation; "We vaccinate against scarlet fever"; "The nurse vaccinated the children in the school""
immunizing
immunologic,"of or relating to immunology"
immunological,"of or relating to immunology"
immunologies
immunologist,"a medical scientist who specializes in immunology"
immunologists,"a medical scientist who specializes in immunology"
immunology,"the branch of medical science that studies the body's immune system"
immure,"lock up or confine, in or as in a jail; "The suspects were imprisoned without trial"; "the murderer was incarcerated for the rest of his life""
immured
immures,"lock up or confine, in or as in a jail; "The suspects were imprisoned without trial"; "the murderer was incarcerated for the rest of his life""
immuring
immutabilities
immutability,"the quality of being incapable of mutation; "Darwin challenged the fixity of species""
immutable,"not subject or susceptible to change or variation in form or quality or nature; "the view of that time was that all species were immutable, created by God""
immutably,"in an unalterable and unchangeable manner; "his views were unchangeably fixed""
immy
imp,"(folklore) fairies that are somewhat mischievous","one who is playfully mischievous"
impact,"the striking of one body against another","a forceful consequence; a strong effect; "the book had an important impact on my thinking"; "the book packs a wallop"","influencing strongly; "they resented the impingement of American values on European culture"","the violent interaction of individuals or groups entering into combat; "the armies met in the shock of battle"","press or wedge together; pack together","have an effect upon; "Will the new rules affect me?""
impacted,"wedged or packed in together; "an impacted tooth""
impacter
impacters
impacting
impactor
impactors
impacts,"the striking of one body against another","a forceful consequence; a strong effect; "the book had an important impact on my thinking"; "the book packs a wallop"","influencing strongly; "they resented the impingement of American values on European culture"","the violent interaction of individuals or groups entering into combat; "the armies met in the shock of battle"","press or wedge together; pack together","have an effect upon; "Will the new rules affect me?""
impaint
impainted
impainting
impaints
impair,"make worse or less effective; "His vision was impaired"","make imperfect; "nothing marred her beauty""
impaired,"diminished in strength, quality, or utility; "impaired eyesight"","mentally or physically unfit"
impairer,"an agent that impairs; "crops can be great impairers of the soil""
impairers,"an agent that impairs; "crops can be great impairers of the soil""
impairing
impairment,"the occurrence of a change for the worse","a symptom of reduced quality or strength","the condition of being unable to perform as a consequence of physical or mental unfitness; "reading disability"; "hearing impairment"","damage that results in a reduction of strength or quality","the act of making something futile and useless (as by routine)"
impairments,"the occurrence of a change for the worse","a symptom of reduced quality or strength","the condition of being unable to perform as a consequence of physical or mental unfitness; "reading disability"; "hearing impairment"","damage that results in a reduction of strength or quality","the act of making something futile and useless (as by routine)"
impairs,"make worse or less effective; "His vision was impaired"","make imperfect; "nothing marred her beauty""
impala,"African antelope with ridged curved horns; moves with enormous leaps"
impalas,"African antelope with ridged curved horns; moves with enormous leaps"
impale,"pierce with a sharp stake or point; "impale a shrimp on a skewer"","kill by piercing with a spear or sharp pole; "the enemies were impaled and left to die""
impaled
impalement,"the act of piercing with a sharpened stake as a form of punishment or torture"
impalements,"the act of piercing with a sharpened stake as a form of punishment or torture"
impaler
impalers
impales,"pierce with a sharp stake or point; "impale a shrimp on a skewer"","kill by piercing with a spear or sharp pole; "the enemies were impaled and left to die""
impaling
impalpable,"incapable of being perceived by the senses especially the sense of touch; "the intangible constituent of energy"- James Jeans","imperceptible to the senses or the mind; "an impalpable cloud"; "impalpable shadows"; "impalpable distinctions"; "as impalpable as a dream"","not perceptible to the touch; "an impalpable pulse""
impalpably,"not substantially; lacking substantial expression or fullness"
impanel,"enter into a list of prospective jurors","select from a list; "empanel prospective jurors""
impaneled
impaneling
impanelled,"enter into a list of prospective jurors","select from a list; "empanel prospective jurors""
impanelling,"enter into a list of prospective jurors","select from a list; "empanel prospective jurors""
impanels,"enter into a list of prospective jurors","select from a list; "empanel prospective jurors""
imparities
imparity
impark
imparked
imparking
imparks
impart,"transmit (knowledge or skills); "give a secret to the Russians"; "leave your name and address here"; "impart a new skill to the students"","bestow a quality on; "Her presence lends a certain cachet to the company"; "The music added a lot to the play"; "She brings a special atmosphere to our meetings"; "This adds a light note to the program"","transmit or serve as the medium for transmission; "Sound carries well over water"; "The airwaves carry the sound"; "Many metals conduct heat""
imparted
imparter
imparters
impartialities
impartiality,"an inclination to weigh both views or opinions equally"
impartially,"in an impartial manner; "he smiled at them both impartially""
imparting,"the transmission of information"
imparts,"transmit (knowledge or skills); "give a secret to the Russians"; "leave your name and address here"; "impart a new skill to the students"","bestow a quality on; "Her presence lends a certain cachet to the company"; "The music added a lot to the play"; "She brings a special atmosphere to our meetings"; "This adds a light note to the program"","transmit or serve as the medium for transmission; "Sound carries well over water"; "The airwaves carry the sound"; "Many metals conduct heat""
impassable,"incapable of being passed"
impasse,"a situation in which no progress can be made or no advancement is possible; "reached an impasse on the negotiations"","a street with only one way in or out"
impasses,"a situation in which no progress can be made or no advancement is possible; "reached an impasse on the negotiations"","a street with only one way in or out"
impassioned,"characterized by intense emotion; "ardent love"; "an ardent lover"; "a fervent desire to change society"; "a fervent admirer"; "fiery oratory"; "an impassioned appeal"; "a torrid love affair""
impassive,"having or revealing little emotion or sensibility; not easily aroused or excited; "her impassive remoteness"; "he remained impassive, showing neither interest in nor concern for our plight"- Nordhoff & Hall; "a silent stolid creature who took it all as a matter of course"-Virginia Woolf; "her face showed nothing but stolid indifference"","deliberately impassive in manner; "deadpan humor"; "his face remained expressionless as the verdict was read""
impassively,"in an impassive manner; "he submitted impassively to his arrest""
impassivities
impassivity,"apathy demonstrated by an absence of emotional reactions"
impaste
impasted
impastes
impasting
impasto,"painting that applies the pigment thickly so that brush or palette knife marks are visible"
impastos,"painting that applies the pigment thickly so that brush or palette knife marks are visible"
impatience,"a lack of patience; irritation with anything that causes delay","a restless desire for change and excitement","a dislike of anything that causes delay"
impatiences,"a lack of patience; irritation with anything that causes delay","a restless desire for change and excitement","a dislike of anything that causes delay"
impatiens
impatient,"restless or short-tempered under delay or opposition; "impatient with the slower students"; "impatient of criticism"","(usually followed by `to') full of eagerness; "impatient to begin"; "raring to go""
impatiently,"with impatience; in an impatient manner; "he answered her impatiently""
impavid
impawn
impawned
impawning
impawns
impeach,"challenge the honesty or veracity of; "the lawyers tried to impeach the credibility of the witnesses"","charge (a public official) with an offense or misdemeanor committed while in office; "The President was impeached"","bring an accusation against; level a charge against; "The neighbors accused the man of spousal abuse""
impeached
impeaches
impeaching
impeachment,"a formal document charging a public official with misconduct in office"
impeachments,"a formal document charging a public official with misconduct in office"
impearl
impearled
impearling
impearls
impeccable,"without fault or error; "faultless logic"; "speaks impeccable French"; "timing and technique were immaculate"; "an immaculate record"","not capable of sin"
impeccably,"flawlessly; "the film was impeccably authentic""
impecunious,"not having enough money to pay for necessities"
impecuniousness,"a state of lacking money"
impecuniousnesses
imped
impedance,"a material's opposition to the flow of electric current; measured in ohms"
impedances,"a material's opposition to the flow of electric current; measured in ohms"
impede,"be a hindrance or obstacle to; "She is impeding the progress of our project"","block passage through; "obstruct the path""
impeded,"made difficult or slow; "we blamed our impeded progress on lack of money""
impeder
impeders
impedes,"be a hindrance or obstacle to; "She is impeding the progress of our project"","block passage through; "obstruct the path""
impediment,"something immaterial that interferes with or delays action or progress","any structure that makes progress difficult"
impediments,"something immaterial that interferes with or delays action or progress","any structure that makes progress difficult"
impeding,"preventing movement; "the clogging crowds of revelers overflowing into the street""
impel,"urge or force (a person) to an action; constrain or motivate","cause to move forward with force; "Steam propels this ship""
impelled,"urge or force (a person) to an action; constrain or motivate","cause to move forward with force; "Steam propels this ship"","urged or forced to action through moral pressure; "felt impelled to take a stand against the issue""
impeller,"the blade of a rotor (as in the compressor of a jet engine)"
impellers,"the blade of a rotor (as in the compressor of a jet engine)"
impelling,"urge or force (a person) to an action; constrain or motivate","cause to move forward with force; "Steam propels this ship"","markedly effective as if by emotional pressure; "impelling skill as a teller of tales"; "an impelling personality""
impellor
impellors
impels,"urge or force (a person) to an action; constrain or motivate","cause to move forward with force; "Steam propels this ship""
impend,"be imminent or about to happen; "Changes are impending""
impended
impending,"close in time; about to occur; "retribution is at hand"; "some people believe the day of judgment is close at hand"; "in imminent danger"; "his impending retirement""
impends,"be imminent or about to happen; "Changes are impending""
impenetrabilities
impenetrability,"the quality of being impenetrable (by people or light or missiles etc.)","incomprehensibility by virtue of being too dense to understand"
impenetrable,"not admitting of penetration or passage into or through; "an impenetrable fortress"; "impenetrable rain forests"","permitting little if any light to pass through because of denseness of matter; "dense smoke"; "heavy fog"; "impenetrable gloom"","impossible to understand; "impenetrable jargon""
impenetrably
impenitence,"the trait of refusing to repent"
impenitences,"the trait of refusing to repent"
impenitent,"not penitent or remorseful","impervious to moral persuasion"
imperative,"a mood that expresses an intention to influence the listener's behavior","some duty that is essential and urgent","requiring attention or action; "as nuclear weapons proliferate, preventing war becomes imperative"; "requests that grew more and more imperative"","relating to verbs in the imperative mood"
imperatively,"in an imperative and commanding manner"
imperatives,"a mood that expresses an intention to influence the listener's behavior","some duty that is essential and urgent","requiring attention or action; "as nuclear weapons proliferate, preventing war becomes imperative"; "requests that grew more and more imperative"","relating to verbs in the imperative mood"
imperceptible,"impossible or difficult to perceive by the mind or senses; "an imperceptible drop in temperature"; "an imperceptible nod"; "color is unperceivable to the touch""
imperceptibly,"in an imperceptible manner or to an imperceptible degree; "the power of the Secretary of State in London increased gradually but imperceptibly""
imperfection,"the state or an instance of being imperfect"
imperfections,"the state or an instance of being imperfect"
imperfectly,"in an imperfect or faulty way; "The lobe was imperfectly developed"; "Miss Bennet would not play at all amiss if she practiced more"- Jane Austen"
imperia,"the domain ruled by an emperor or empress; the region over which imperial dominion is exercised","supreme authority; absolute dominion"
imperial,"a small tufted beard worn by Emperor Napoleon III","a piece of luggage carried on top of a coach","relating to or associated with an empire; "imperial colony"; "the imperial gallon was standardized legally throughout the British Empire"","of or belonging to the British Imperial System of weights and measures","befitting or belonging to an emperor or empress; "imperial palace"","belonging to or befitting a supreme ruler; "golden age of imperial splendor"; "purple tyrant"; "regal attire"; "treated with royal acclaim"; "the royal carriage of a stag's head""
imperialism,"a policy of extending your rule over foreign countries","a political orientation that advocates imperial interests","any instance of aggressive extension of authority"
imperialist,"a believer in imperialism","of or relating to imperialism; "imperialistic wars""
imperialistic,"of or relating to imperialism; "imperialistic wars""
imperials,"a small tufted beard worn by Emperor Napoleon III","a piece of luggage carried on top of a coach","relating to or associated with an empire; "imperial colony"; "the imperial gallon was standardized legally throughout the British Empire"","of or belonging to the British Imperial System of weights and measures","befitting or belonging to an emperor or empress; "imperial palace"","belonging to or befitting a supreme ruler; "golden age of imperial splendor"; "purple tyrant"; "regal attire"; "treated with royal acclaim"; "the royal carriage of a stag's head""
imperil,"pose a threat to; present a danger to; "The pollution is endangering the crops""
imperiled
imperiling
imperilled
imperilling
imperils,"pose a threat to; present a danger to; "The pollution is endangering the crops""
imperious,"having or showing arrogant superiority to and disdain of those one views as unworthy; "some economists are disdainful of their colleagues in other social disciplines"; "haughty aristocrats"; "his lordly manners were offensive"; "walked with a prideful swagger"; "very sniffy about breaches of etiquette"; "his mother eyed my clothes with a supercilious air"; "a more swaggering mood than usual"- W.L.Shirer"
imperiously,"in an imperious manner; "imperiously he cut her short""
imperishable,"not perishable","unceasing; "an abiding belief"; "imperishable truths""
imperium,"the domain ruled by an emperor or empress; the region over which imperial dominion is exercised","supreme authority; absolute dominion"
imperiums,"the domain ruled by an emperor or empress; the region over which imperial dominion is exercised","supreme authority; absolute dominion"
impermanent,"not permanent; not lasting; "politics is an impermanent factor of life"- James Thurber; "impermanent palm cottages"; "a temperary arrangement"; "temporary housing"","existing or enduring for a limited time only"
impermanently
impermeable,"preventing especially liquids to pass or diffuse through; "impermeable stone"; "an impermeable layer of scum"; "a coat impermeable to rain""
impermissible,"not permitted; "impermissible behavior"","not allowable"
impersonal,"not relating to or responsive to individual persons; "an impersonal corporation"; "an impersonal remark"","having no personal preference; "impersonal criticism"; "a neutral observer""
impersonally,"without warmth; "he treated his patients impersonally"","in an impersonal manner; "when I told him about Russ I found it difficult to speak impersonally""
impersonate,"assume or act the character of; "She impersonates Madonna"; "The actor portrays an elderly, lonely man"","represent another person with comic intentions","pretend to be someone you are not; sometimes with fraudulent intentions; "She posed as the Czar's daughter""
impersonated
impersonates,"assume or act the character of; "She impersonates Madonna"; "The actor portrays an elderly, lonely man"","represent another person with comic intentions","pretend to be someone you are not; sometimes with fraudulent intentions; "She posed as the Czar's daughter""
impersonating
impersonation,"a representation of a person that is exaggerated for comic effect","pretending to be another person","imitating the mannerisms of another person"
impersonations,"a representation of a person that is exaggerated for comic effect","pretending to be another person","imitating the mannerisms of another person"
impersonator,"someone who (fraudulently) assumes the appearance of another"
impersonators,"someone who (fraudulently) assumes the appearance of another"
impertinence,"an impudent statement","the trait of being rude and impertinent; inclined to take liberties","inappropriate playfulness"
impertinences,"an impudent statement","the trait of being rude and impertinent; inclined to take liberties","inappropriate playfulness"
impertinent,"characterized by a lightly pert and exuberant quality; "a certain irreverent gaiety and ease of manner"","not pertinent to the matter under consideration; "an issue extraneous to the debate"; "the price was immaterial"; "mentioned several impertinent facts before finally coming to the point"","improperly forward or bold; "don't be fresh with me"; "impertinent of a child to lecture a grownup"; "an impudent boy given to insulting strangers"; "Don't get wise with me!""
impertinently,"in an impudent or impertinent manner; "a lean, swarthy fellow was peering through the window, grinning impudently""
imperturbable,"not easily perturbed or excited or upset; marked by extreme calm and composure; "hitherto imperturbable, he now showed signs of alarm"; "an imperturbable self-possession"; "unflappable in a crisis""
impervious,"not admitting of passage or capable of being affected; "a material impervious to water"; "someone impervious to argument""
impetigo,"a very contagious infection of the skin; common in children; localized redness develops into small blisters that gradually crust and erode"
impetigos,"a very contagious infection of the skin; common in children; localized redness develops into small blisters that gradually crust and erode"
impetuous,"characterized by undue haste and lack of thought or deliberation; "a hotheaded decision"; "liable to such impulsive acts as hugging strangers"; "an impetuous display of spending and gambling"; "madcap escapades"; (`brainish' is archaic)","marked by violent force; "impetuous heaving waves""
impetuousities
impetuousity
impetuously,"in an impulsive or impetuous way; without taking cautions; "he often acts impulsively and later regrets it""
impetus,"a force that moves something along","the act of applying force suddenly; "the impulse knocked him over""
impetuses
imphee
imphees
impi
impieties
impiety,"unrighteousness by virtue of lacking respect for a god"
imping
impinge,"impinge or infringe upon; "This impinges on my rights as an individual"; "This matter entrenches on other domains"","advance beyond the usual limit"
impinged
impingement,"influencing strongly; "they resented the impingement of American values on European culture"","a sharp collision produced by striking or dashing against something"
impingements,"influencing strongly; "they resented the impingement of American values on European culture"","a sharp collision produced by striking or dashing against something"
impinger
impingers
impinges,"impinge or infringe upon; "This impinges on my rights as an individual"; "This matter entrenches on other domains"","advance beyond the usual limit"
impinging,"the physical coming together of two or more things; "contact with the pier scraped paint from the hull""
impings
impious,"lacking piety or reverence for a god","lacking due respect or dutifulness; "impious toward one's parents"; "an undutiful son""
impis
impish,"naughtily or annoyingly playful; "teasing and worrying with impish laughter"; "a wicked prank""
impishly,"in an appealing but bold manner; "she asked him impishly to come in""
impishness,"the trait of behaving like an imp"
impishnesses
implacabilities
implacability
implacable,"incapable of being placated; "an implacable enemy""
implacably
implant,"a prosthesis placed permanently in tissue","fix or set securely or deeply; "He planted a knee in the back of his opponent"; "The dentist implanted a tooth in the gum"","become attached to and embedded in the uterus; "The egg fertilized in vitro implanted in the uterus of the birth mother with no further complications"","put firmly in the mind; "Plant a thought in the students' minds""
implanted,"(used especially of ideas or principles) deeply rooted; firmly fixed or held; "deep-rooted prejudice"; "deep-seated differences of opinion"; "implanted convictions"; "ingrained habits of a lifetime"; "a deeply planted need""
implanting
implants,"a prosthesis placed permanently in tissue","fix or set securely or deeply; "He planted a knee in the back of his opponent"; "The dentist implanted a tooth in the gum"","become attached to and embedded in the uterus; "The egg fertilized in vitro implanted in the uterus of the birth mother with no further complications"","put firmly in the mind; "Plant a thought in the students' minds""
implausibilities
implausibility,"the quality of provoking disbelief"
implausible,"having a quality that provokes disbelief; "gave the teacher an implausible excuse"","highly imaginative but unlikely; "a farfetched excuse"; "an implausible explanation""
implead
impleaded
impleading
impleads
impledge
impledged
impledges
impledging
implement,"instrumentation (a piece of equipment or tool) used to effect an end","apply in a manner consistent with its purpose or design; "implement a procedure"","ensure observance of laws and rules; "Apply the rules to everyone";","pursue to a conclusion or bring to a successful issue; "Did he go through with the treatment?"; "He implemented a new economic plan"; "She followed up his recommendations with a written proposal""
implementation,"the act of accomplishing some aim or executing some order; "the agency was created for the implementation of the policy"","the act of implementing (providing a practical means for accomplishing something); carrying into effect"
implementations,"the act of accomplishing some aim or executing some order; "the agency was created for the implementation of the policy"","the act of implementing (providing a practical means for accomplishing something); carrying into effect"
implemented,"forced or compelled or put in force; "a life of enforced inactivity"; "enforced obedience""
implementing
implements,"instrumentation (a piece of equipment or tool) used to effect an end","apply in a manner consistent with its purpose or design; "implement a procedure"","ensure observance of laws and rules; "Apply the rules to everyone";","pursue to a conclusion or bring to a successful issue; "Did he go through with the treatment?"; "He implemented a new economic plan"; "She followed up his recommendations with a written proposal""
implicate,"bring into intimate and incriminating connection; "He is implicated in the scheme to defraud the government"","impose, involve, or imply as a necessary accompaniment or result; "What does this move entail?""
implicated,"culpably involved; "all those concerned in the bribery case have been identified"; "named three officials implicated in the plot"; "an innocent person implicated by circumstances in a crime""
implicates,"bring into intimate and incriminating connection; "He is implicated in the scheme to defraud the government"","impose, involve, or imply as a necessary accompaniment or result; "What does this move entail?""
implicating
implication,"something that is inferred (deduced or entailed or implied); "his resignation had political implications"","a meaning that is not expressly stated but can be inferred; "the significance of his remark became clear only later"; "the expectation was spread both by word and by implication"","an accusation that brings into intimate and usually incriminating connection","a logical relation between propositions p and q of the form `if p then q'; if p is true then q cannot be false","a relation implicated by virtue of involvement or close connection (especially an incriminating involvement); "he was suspected of implication in several robberies""
implications,"something that is inferred (deduced or entailed or implied); "his resignation had political implications"","a meaning that is not expressly stated but can be inferred; "the significance of his remark became clear only later"; "the expectation was spread both by word and by implication"","an accusation that brings into intimate and usually incriminating connection","a logical relation between propositions p and q of the form `if p then q'; if p is true then q cannot be false","a relation implicated by virtue of involvement or close connection (especially an incriminating involvement); "he was suspected of implication in several robberies""
implicit,"implied though not directly expressed; inherent in the nature of something; "an implicit agreement not to raise the subject"; "there was implicit criticism in his voice"; "anger was implicit in the argument"; "the oak is implicit in the acorn"","being without doubt or reserve; "implicit trust""
implicitly,"without doubting or questioning; "I implicitly trust him"","without ever expressing so clearly; "he implicitly assumes that you know the answer""
implied,"express or state indirectly","suggest as a logically necessary consequence; in logic","have as a logical consequence; "The water shortage means that we have to stop taking long showers"","suggest that someone is guilty","have as a necessary feature; "This decision involves many changes""
implies
implode,"burst inward; "The bottle imploded""
imploded
implodes,"burst inward; "The bottle imploded""
imploding
implore,"call upon in supplication; entreat; "I beg you to stop!""
implored
implorer
implorers
implores,"call upon in supplication; entreat; "I beg you to stop!""
imploring,"begging"
implosion,"a sudden inward collapse; "the implosion of a light bulb"","the initial occluded phase of a stop consonant"
implosions,"a sudden inward collapse; "the implosion of a light bulb"","the initial occluded phase of a stop consonant"
implosive
imply,"express or state indirectly","suggest as a logically necessary consequence; in logic","have as a logical consequence; "The water shortage means that we have to stop taking long showers"","suggest that someone is guilty","have as a necessary feature; "This decision involves many changes""
implying
impolicies
impolicy
impolite,"not polite"
impolitic,"not politic; "an impolitic approach to a sensitive issue""
imponderable,"a factor whose effects cannot be accurately assessed; "human behavior depends on many imponderables"","difficult or impossible to evaluate with precision; "such imponderable human factors as aesthetic sensibility""
imponderables,"a factor whose effects cannot be accurately assessed; "human behavior depends on many imponderables"","difficult or impossible to evaluate with precision; "such imponderable human factors as aesthetic sensibility""
impone
imponed
impones
imponing
imporous
import,"commodities (goods or services) bought from a foreign country","an imported person brought from a foreign country; "the lead role was played by an import from Sweden"; "they are descendants of indentured importees"","the message that is intended or expressed or signified; "what is the meaning of this sentence"; "the significance of a red traffic light"; "the signification of Chinese characters"; "the import of his announcement was ambiguous"","a meaning that is not expressly stated but can be inferred; "the significance of his remark became clear only later"; "the expectation was spread both by word and by implication"","having important effects or influence; "decisions of great consequence are made by the president himself"; "virtue is of more moment than security"; "that result is of no consequence"","bring in from abroad","transfer (electronic data) into a database or document","indicate or signify; "I'm afraid this spells trouble!""
importance,"the quality of being important and worthy of note; "the importance of a well-balanced diet"","a prominent status; "a person of importance""
important,"of great significance or value; "important people"; "the important questions of the day"","important in effect or meaning; "a significant change in tax laws"; "a significant change in the Constitution"; "a significant contribution"; "significant details"; "statistically significant"","of extreme importance; vital to the resolution of a crisis; "a crucial moment in his career"; "a crucial election"; "a crucial issue for women"","having authority or ascendancy or influence; "an important official"; "the captain's authoritative manner"","having or suggesting a consciousness of high position; "recited the decree with an important air"; "took long important strides in the direction of his office""
importantly,"in an important way or to an important degree; "more importantly, Weber held that the manifold meaning attached to the event by the social scientist could alter his definition of the concrete event itself"","in an important way; "for centuries jellies have figured importantly among English desserts, particularly upon festive occasion""
importation,"the commercial activity of buying and bringing in goods from a foreign country","commodities (goods or services) bought from a foreign country"
importations,"the commercial activity of buying and bringing in goods from a foreign country","commodities (goods or services) bought from a foreign country"
imported,"used of especially merchandise brought from a foreign source; "imported wines""
importer,"someone whose business involves importing goods from outside (especially from a foreign country)"
importers,"someone whose business involves importing goods from outside (especially from a foreign country)"
importing,"the commercial activity of buying and bringing in goods from a foreign country"
imports,"commodities (goods or services) bought from a foreign country","an imported person brought from a foreign country; "the lead role was played by an import from Sweden"; "they are descendants of indentured importees"","the message that is intended or expressed or signified; "what is the meaning of this sentence"; "the significance of a red traffic light"; "the signification of Chinese characters"; "the import of his announcement was ambiguous"","a meaning that is not expressly stated but can be inferred; "the significance of his remark became clear only later"; "the expectation was spread both by word and by implication"","having important effects or influence; "decisions of great consequence are made by the president himself"; "virtue is of more moment than security"; "that result is of no consequence"","bring in from abroad","transfer (electronic data) into a database or document","indicate or signify; "I'm afraid this spells trouble!""
importunate,"expressing earnest entreaty; "an importunate job applicant""
importune,"beg persistently and urgently; "I importune you to help them""
importuned
importunes,"beg persistently and urgently; "I importune you to help them""
importuning
importunities
importunity,"insistent solicitation and entreaty; "his importunity left me no alternative but to agree""
impose,"compel to behave in a certain way; "Social relations impose courtesy"","impose something unpleasant; "The principal visited his rage on the students"","impose and collect; "levy a fine""
imposed,"set forth authoritatively as obligatory; "the imposed taxation"; "rules imposed by society""
imposer
imposers
imposes,"compel to behave in a certain way; "Social relations impose courtesy"","impose something unpleasant; "The principal visited his rage on the students"","impose and collect; "levy a fine""
imposing,"impressive in appearance; "a baronial mansion"; "an imposing residence"; "a noble tree"; "severe-looking policemen sat astride noble horses"; "stately columns"","used of a person's appearance or behavior; befitting an eminent person; "his distinguished bearing"; "the monarch's imposing presence"; "she reigned in magisterial beauty""
imposingly,"in an impressive manner; "the students progressed impressively fast""
imposition,"the act of imposing something (as a tax or an embargo)","an uncalled-for burden; "he listened but resented the imposition""
impositions,"the act of imposing something (as a tax or an embargo)","an uncalled-for burden; "he listened but resented the imposition""
impossibilities
impossibility,"incapability of existing or occurring","an alternative that is not available"
impossible,"something that cannot be done; "his assignment verged on the impossible"","not capable of occurring or being accomplished or dealt with; "an impossible dream"; "an impossible situation"","totally unlikely","used of persons or their behavior; "impossible behavior"; "insufferable insolence""
impossibly,"to a degree impossible of achievement; "long thought to be an impossibly difficult operation"; "impossibly far from sources of supply""
impost,"money collected under a tariff","the lowest stone in an arch -- from which it springs"
imposted
imposter,"a person who makes deceitful pretenses"
imposters,"a person who makes deceitful pretenses"
imposting
impostor,"a person who makes deceitful pretenses"
impostors,"a person who makes deceitful pretenses"
imposts,"money collected under a tariff","the lowest stone in an arch -- from which it springs"
imposture,"pretending to be another person"
impostures,"pretending to be another person"
impotence,"the quality of lacking strength or power; being weak and feeble","an inability (usually of the male animal) to copulate"
impotences,"the quality of lacking strength or power; being weak and feeble","an inability (usually of the male animal) to copulate"
impotencies
impotency,"the quality of lacking strength or power; being weak and feeble","an inability (usually of the male animal) to copulate"
impotent,"lacking power or ability; "Technology without morality is barbarous; morality without technology is impotent"- Freeman J.Dyson; "felt impotent rage"","(of a male) unable to copulate"
impotently,"in a helpless manner; "the crowd watched him helplessly""
impotents,"lacking power or ability; "Technology without morality is barbarous; morality without technology is impotent"- Freeman J.Dyson; "felt impotent rage"","(of a male) unable to copulate"
impound,"take temporary possession of as a security, by legal authority; "The FBI seized the drugs"; "The customs agents impounded the illegal shipment"; "The police confiscated the stolen artwork"","place or shut up in a pound; "pound the cows so they don't stray""
impounded
impounding,"placing private property in the custody of an officer of the law"
impoundment,"placing private property in the custody of an officer of the law"
impoundments,"placing private property in the custody of an officer of the law"
impounds,"take temporary possession of as a security, by legal authority; "The FBI seized the drugs"; "The customs agents impounded the illegal shipment"; "The police confiscated the stolen artwork"","place or shut up in a pound; "pound the cows so they don't stray""
impoverish,"make poor","take away"
impoverished,"poor enough to need help from others","destroyed financially; "the broken fortunes of the family""
impoverishes
impoverishing
impoverishment,"the state of having little or no money and few or no material possessions","the act of making someone poor"
impoverishments,"the state of having little or no money and few or no material possessions","the act of making someone poor"
impower
impowered
impowering
impowers
impracticable,"not capable of being carried out or put into practice; "refloating the sunken ship proved impracticable because of its fragility"; "a suggested reform that was unfeasible in the prevailing circumstances""
impractical,"not practical; not workable or not given to practical matters; "refloating the ship proved impractical because of the expense"; "he is intelligent but too impractical for commercial work"; "an impractical solution"","not practical or realizable; speculative; "airy theories about socioeconomic improvement"; "visionary schemes for getting rich""
imprecise,"not precise; "imprecise astronomical observations"; "the terms he used were imprecise and emotional""
imprecisely,"in an imprecise manner; "he expressed himself imprecisely""
impreciseness,"the quality of lacking precision"
imprecisenesses
imprecision,"the quality of lacking precision"
impregabilities
impregability
impregable
impregn
impregnate,"fill, as with a certain quality; "The heavy traffic tinctures the air with carbon monoxide"","infuse or fill completely; "Impregnate the cloth with alcohol"","fertilize and cause to grow; "the egg was impregnated"","make pregnant; "He impregnated his wife again""
impregnated
impregnates,"fill, as with a certain quality; "The heavy traffic tinctures the air with carbon monoxide"","infuse or fill completely; "Impregnate the cloth with alcohol"","fertilize and cause to grow; "the egg was impregnated"","make pregnant; "He impregnated his wife again""
impregnating
impregnation,"material with which something is impregnated; "the impregnation, whatever it was, had turned the rock blue"","the process of totally saturating something with a substance; "the impregnation of wood with preservative"; "the saturation of cotton with ether"","creation by the physical union of male and female gametes; of sperm and ova in an animal or pollen and ovule in a plant"
impregnations,"material with which something is impregnated; "the impregnation, whatever it was, had turned the rock blue"","the process of totally saturating something with a substance; "the impregnation of wood with preservative"; "the saturation of cotton with ether"","creation by the physical union of male and female gametes; of sperm and ova in an animal or pollen and ovule in a plant"
impregned
impregning
impregns
impresa
impresario,"a sponsor who books and stages public entertainments"
impresarios,"a sponsor who books and stages public entertainments"
impresas
imprese
impreses
impress,"the act of coercing someone into government service","have an emotional or cognitive impact upon; "This child impressed me as unusually mature"; "This behavior struck me as odd"","impress positively; "The young chess player impressed her audience"","produce or try to produce a vivid impression of; "Mother tried to ingrain respect for our elders in us"","mark or stamp with or as if with pressure; "To make a batik, you impress a design with wax"","reproduce by printing","take (someone) against his will for compulsory service, especially on board a ship; "The men were shanghaied after being drugged"","dye (fabric) before it is spun"
impressed,"deeply or markedly affected or influenced"
impresses
impressible,"easily impressed or influenced; "an impressionable youngster"; "an impressionable age"; "a waxy mind""
impressing
impression,"a vague idea in which some confidence is placed; "his impression of her was favorable"; "what are your feelings about the crisis?"; "it strengthened my belief in his sincerity"; "I had a feeling that she was lying"","an outward appearance; "he made a good impression"; "I wanted to create an impression of success"; "she retained that bold effect in her reproductions of the original painting"","a clear and telling mental image; "he described his mental picture of his assailant"; "he had no clear picture of himself or his world"; "the events left a permanent impression in his mind"","a concavity in a surface produced by pressing; "he left the impression of his fingers in the soft mud"","a symbol that is the result of printing or engraving; "he put his stamp on the envelope"","all the copies of a work printed at one time; "they ran off an initial printing of 2000 copies"","(dentistry) an imprint of the teeth and gums in wax or plaster; "the dentist took an impression for use in preparing an inlay"","an impressionistic portrayal of a person; "he did a funny impression of a politician"","the act of pressing one thing on or into the surface of another; "he watched the impression of the seal on the hot wax""
impressionable,"easily impressed or influenced; "an impressionable youngster"; "an impressionable age"; "a waxy mind""
impressions,"a vague idea in which some confidence is placed; "his impression of her was favorable"; "what are your feelings about the crisis?"; "it strengthened my belief in his sincerity"; "I had a feeling that she was lying"","an outward appearance; "he made a good impression"; "I wanted to create an impression of success"; "she retained that bold effect in her reproductions of the original painting"","a clear and telling mental image; "he described his mental picture of his assailant"; "he had no clear picture of himself or his world"; "the events left a permanent impression in his mind"","a concavity in a surface produced by pressing; "he left the impression of his fingers in the soft mud"","a symbol that is the result of printing or engraving; "he put his stamp on the envelope"","all the copies of a work printed at one time; "they ran off an initial printing of 2000 copies"","(dentistry) an imprint of the teeth and gums in wax or plaster; "the dentist took an impression for use in preparing an inlay"","an impressionistic portrayal of a person; "he did a funny impression of a politician"","the act of pressing one thing on or into the surface of another; "he watched the impression of the seal on the hot wax""
impressive,"making a strong or vivid impression; "an impressive ceremony"","producing a strong effect; "gave an impressive performance as Othello"; "a telling gesture""
impressively,"in an impressive manner; "the students progressed impressively fast""
impressiveness,"splendid or imposing in size or appearance; "the grandness of the architecture"; "impressed by the richness of the flora"","the quality of making a strong or vivid impression on the mind"
impressivenesses
impressment,"the act of coercing someone into government service"
impressments,"the act of coercing someone into government service"
imprest
imprests
imprimatur,"formal and explicit approval; "a Democrat usually gets the union's endorsement""
imprimaturs,"formal and explicit approval; "a Democrat usually gets the union's endorsement""
imprimis
imprint,"a distinctive influence; "English stills bears the imprint of the Norman invasion"","a concavity in a surface produced by pressing; "he left the impression of his fingers in the soft mud"","an identification of a publisher; a publisher's name along with the date and address and edition that is printed at the bottom of the title page; "the book was published under a distinguished imprint"","an impression produced by pressure or printing","a device produced by pressure on a surface","establish or impress firmly in the mind; "We imprint our ideas onto our children"","mark or stamp with or as if with pressure; "To make a batik, you impress a design with wax""
imprinted
imprinting,"a learning process in early life whereby species specific patterns of behavior are established"
imprints,"a distinctive influence; "English stills bears the imprint of the Norman invasion"","a concavity in a surface produced by pressing; "he left the impression of his fingers in the soft mud"","an identification of a publisher; a publisher's name along with the date and address and edition that is printed at the bottom of the title page; "the book was published under a distinguished imprint"","an impression produced by pressure or printing","a device produced by pressure on a surface","establish or impress firmly in the mind; "We imprint our ideas onto our children"","mark or stamp with or as if with pressure; "To make a batik, you impress a design with wax""
imprison,"lock up or confine, in or as in a jail; "The suspects were imprisoned without trial"; "the murderer was incarcerated for the rest of his life"","confine as if in a prison; "His daughters are virtually imprisoned in their own house; he does not let them go out without a chaperone""
imprisoned,"being in captivity"
imprisoning
imprisonment,"putting someone in prison or in jail as lawful punishment","the state of being imprisoned; "he was held in captivity until he died"; "the imprisonment of captured soldiers"; "his ignominious incarceration in the local jail"; "he practiced the immurement of his enemies in the castle dungeon"","the act of confining someone in a prison (or as if in a prison)"
imprisonments,"putting someone in prison or in jail as lawful punishment","the state of being imprisoned; "he was held in captivity until he died"; "the imprisonment of captured soldiers"; "his ignominious incarceration in the local jail"; "he practiced the immurement of his enemies in the castle dungeon"","the act of confining someone in a prison (or as if in a prison)"
imprisons,"lock up or confine, in or as in a jail; "The suspects were imprisoned without trial"; "the murderer was incarcerated for the rest of his life"","confine as if in a prison; "His daughters are virtually imprisoned in their own house; he does not let them go out without a chaperone""
improbabilities
improbability,"the quality of being improbable; "impossibility should never be confused with improbability"; "the improbability of such rare coincidences""
improbable,"not likely to be true or to occur or to have occurred; "legislation on the question is highly unlikely"; "an improbable event"","having a probability too low to inspire belief","too improbable to admit of belief; "a tall story""
improbably,"not easy to believe; "behind you the coastal hills plunge to the incredibly blue sea backed by the Turkish mountains""
impromptu,"an extemporaneous speech or remark; "a witty impromptu must not sound premeditated"","a short musical passage that seems to have been made spontaneously without advance preparation","with little or no preparation or forethought; "his ad-lib comments showed poor judgment"; "an extemporaneous piano recital"; "an extemporary lecture"; "an extempore skit"; "an impromptu speech"; "offhand excuses"; "trying to sound offhanded and reassuring"; "an off-the-cuff toast"; "a few unrehearsed comments"","without advance preparation; "he spoke ad lib""
impromptus,"an extemporaneous speech or remark; "a witty impromptu must not sound premeditated"","a short musical passage that seems to have been made spontaneously without advance preparation","with little or no preparation or forethought; "his ad-lib comments showed poor judgment"; "an extemporaneous piano recital"; "an extemporary lecture"; "an extempore skit"; "an impromptu speech"; "offhand excuses"; "trying to sound offhanded and reassuring"; "an off-the-cuff toast"; "a few unrehearsed comments"","without advance preparation; "he spoke ad lib""
improper,"not suitable or right or appropriate; "slightly improper to dine alone with a married man"; "improper medication"; "improper attire for the golf course"","not conforming to legality, moral law, or social convention; "an unconventional marriage"; "improper banking practices"","not appropriate for a purpose or occasion; "said all the wrong things""
improperly,"in an improper way; "he checked whether the wound had healed improperly""
improprieties
impropriety,"an improper demeanor","the condition of being improper","an indecent or improper act","an act of undue intimacy"
improvable,"susceptible of improvement"
improve,"to make better; "The editor improved the manuscript with his changes"","get better; "The weather improved toward evening""
improved,"made more desirable or valuable or profitable; especially made ready for use or marketing; "new houses are springing up on an improved tract of land near the river"; "an improved breed"","become or made better in quality; "was proud of his improved grades"; "an improved viewfinder"","(of land) made ready for development or agriculture by clearing of trees and brush; "improved farmlands""
improvement,"a change for the better; progress in development","the act of improving something; "their improvements increased the value of the property"","a condition superior to an earlier condition; "the new school represents a great improvement""
improvements,"a change for the better; progress in development","the act of improving something; "their improvements increased the value of the property"","a condition superior to an earlier condition; "the new school represents a great improvement""
improver,"someone devoted to the promotion of human welfare and to social reforms","a component that is added to something to improve it; "the addition of a bathroom was a major improvement"; "the addition of cinnamon improved the flavor""
improvers,"someone devoted to the promotion of human welfare and to social reforms","a component that is added to something to improve it; "the addition of a bathroom was a major improvement"; "the addition of cinnamon improved the flavor""
improves,"to make better; "The editor improved the manuscript with his changes"","get better; "The weather improved toward evening""
improvidence,"a lack of prudence and care by someone in the management of resources"
improvidences,"a lack of prudence and care by someone in the management of resources"
improvident,"not provident; not providing for the future","not given careful consideration; "ill-considered actions often result in disaster"; "an ill-judged attempt""
improving,"getting higher or more vigorous; "its an up market"; "an improving economy""
improvisation,"a creation spoken or written or composed extemporaneously (without prior preparation)","an unplanned expedient","a performance given extempore without planning or preparation"
improvisations,"a creation spoken or written or composed extemporaneously (without prior preparation)","an unplanned expedient","a performance given extempore without planning or preparation"
improviser
improvisers
improvisor
improvisors
imprudence,"a lack of caution in practical affairs"
imprudences,"a lack of caution in practical affairs"
imprudent,"not prudent or wise; "very imprudent of her mother to encourage her in such silly romantic ideas"; "would be imprudent for a noneconomist to talk about the details of economic policy"- A.M.Schlesinger","lacking wise self-restraint; "an imprudent remark""
imps,"(folklore) fairies that are somewhat mischievous","one who is playfully mischievous"
impudence,"an impudent statement","the trait of being rude and impertinent; inclined to take liberties"
impudences,"an impudent statement","the trait of being rude and impertinent; inclined to take liberties"
impudent,"marked by casual disrespect; "a flip answer to serious question"; "the student was kept in for impudent behavior"","improperly forward or bold; "don't be fresh with me"; "impertinent of a child to lecture a grownup"; "an impudent boy given to insulting strangers"; "Don't get wise with me!""
impudently,"in an impudent or impertinent manner; "a lean, swarthy fellow was peering through the window, grinning impudently""
impugn,"attack as false or wrong"
impugned
impugner
impugners
impugning
impugns,"attack as false or wrong"
impulse,"an instinctive motive; "profound religious impulses"","a sudden desire; "he bought it on an impulse"","the electrical discharge that travels along a nerve fiber; "they demonstrated the transmission of impulses from the cortex to the hypothalamus"","(electronics) a sharp transient wave in the normal electrical state (or a series of such transients); "the pulsations seemed to be coming from a star"","the act of applying force suddenly; "the impulse knocked him over"","an impelling force or strength; "the car's momentum carried it off the road""
impulsed
impulses,"an instinctive motive; "profound religious impulses"","a sudden desire; "he bought it on an impulse"","the electrical discharge that travels along a nerve fiber; "they demonstrated the transmission of impulses from the cortex to the hypothalamus"","(electronics) a sharp transient wave in the normal electrical state (or a series of such transients); "the pulsations seemed to be coming from a star"","the act of applying force suddenly; "the impulse knocked him over"","an impelling force or strength; "the car's momentum carried it off the road""
impulsing
impulsion,"a force that moves something along","the act of applying force suddenly; "the impulse knocked him over""
impulsions,"a force that moves something along","the act of applying force suddenly; "the impulse knocked him over""
impulsive,"proceeding from natural feeling or impulse without external stimulus; "an impulsive gesture of affection"","without forethought; "letting him borrow her car was an impulsive act that she immediately regretted"","having the power of driving or impelling; "a driving personal ambition"; "the driving force was his innate enthusiasm"; "an impulsive force"","determined by chance or impulse or whim rather than by necessity or reason; "a capricious refusal"; "authoritarian rulers are frequently capricious"; "the victim of whimsical persecutions"","characterized by undue haste and lack of thought or deliberation; "a hotheaded decision"; "liable to such impulsive acts as hugging strangers"; "an impetuous display of spending and gambling"; "madcap escapades"; (`brainish' is archaic)"
impulsively,"in an impulsive or impetuous way; without taking cautions; "he often acts impulsively and later regrets it""
impulsiveness,"the trait of acting suddenly on impulse without reflection"
impulsivenesses
impunities
impunity,"exemption from punishment or loss"
impure,"combined with extraneous elements","(used of persons or behaviors) immoral or obscene; "impure thoughts"","having a physical or moral blemish so as to make impure according to dietary or ceremonial laws; "unclean meat"; "and the swine...is unclean to you"-Leviticus 11:3"
impurely
impurities
impurity,"worthless or dangerous material that should be removed; "there were impurities in the water"","the condition of being impure"
imputation,"a statement attributing something dishonest (especially a criminal offense); "he denied the imputation"","the attribution to a source or cause; "the imputation that my success was due to nepotism meant that I was not taken seriously""
imputations,"a statement attributing something dishonest (especially a criminal offense); "he denied the imputation"","the attribution to a source or cause; "the imputation that my success was due to nepotism meant that I was not taken seriously""
impute,"attribute or credit to; "We attributed this quotation to Shakespeare"; "People impute great cleverness to cats"","attribute (responsibility or fault) to a cause or source; "The teacher imputed the student's failure to his nervousness""
imputed
imputer
imputers
imputes,"attribute or credit to; "We attributed this quotation to Shakespeare"; "People impute great cleverness to cats"","attribute (responsibility or fault) to a cause or source; "The teacher imputed the student's failure to his nervousness""
imputing
