ana,"mother of the ancient Irish gods; sometimes identified with Danu","a collection of anecdotes about a person or place"
anabaena
anabaenas
anabas,"the type genus of the family Anabantidae; small fish that resemble perch"
anabases
anabasis
anabatic,"of an air current or wind; rising especially up a slope; "an anabatic wind""
anableps
anablepses
anabolic,"of or related to the synthetic phase of metabolism","characterized by or promoting constructive metabolism; "some athletes take anabolic steroids to increase muscle size temporarily""
anachronism,"something located at a time when it could not have existed or occurred","an artifact that belongs to another time","a person who seems to be displaced in time; who belongs to another age"
anachronisms,"something located at a time when it could not have existed or occurred","an artifact that belongs to another time","a person who seems to be displaced in time; who belongs to another age"
anachronistic,"chronologically misplaced; "English public schools are anachronistic""
anaconda,"large arboreal boa of tropical South America"
anacondas,"large arboreal boa of tropical South America"
anadem
anadems
anaemia,"a lack of vitality","a deficiency of red blood cells"
anaemias,"a lack of vitality","a deficiency of red blood cells"
anaemic,"relating to anemia or suffering from anemia","lacking vigor or energy; "an anemic attempt to hit the baseball""
anaerobe,"an organism (especially a bacterium) that does not require air or free oxygen to live"
anaerobes,"an organism (especially a bacterium) that does not require air or free oxygen to live"
anaesthesiology
anaesthetic,"a drug that causes temporary loss of bodily sensations","relating to or producing insensibility","characterized by insensibility; "the young girls are in a state of possession--blind and deaf and anesthetic"; "an anesthetic state""
anaesthetics,"a drug that causes temporary loss of bodily sensations","relating to or producing insensibility","characterized by insensibility; "the young girls are in a state of possession--blind and deaf and anesthetic"; "an anesthetic state""
anaglyph,"moving or still pictures in contrasting colors that appear three-dimensional when superimposed","anything carved in low relief"
anaglyphs,"moving or still pictures in contrasting colors that appear three-dimensional when superimposed","anything carved in low relief"
anagoge,"a mystical or allegorical interpretation (especially of Scripture)"
anagoges,"a mystical or allegorical interpretation (especially of Scripture)"
anagogic,"based on or exemplifying anagoge"
anagogies
anagogy
anagram,"a word or phrase spelled by rearranging the letters of another word or phrase","read letters out of order to discover a hidden meaning"
anagrammed
anagramming
anagrams,"a game whose object is to form words from a group of randomly chosen letters","read letters out of order to discover a hidden meaning"
anal,"of or related to the anus; "anal thermometer"","a stage in psychosexual development when the child's interest is concentrated on the anal region; fixation at this stage is said to result in orderliness, meanness, stubbornness, compulsiveness, etc."
analcime
analcimes
analcite
analcites
analecta,"a collection of excerpts from a literary work"
analects,"a collection of excerpts from a literary work"
analemma
analemmas
analemmata
analgesic,"a medicine used to relieve pain","capable of relieving pain; "the anodyne properties of certain drugs"; "an analgesic effect""
analgesics,"a medicine used to relieve pain","capable of relieving pain; "the anodyne properties of certain drugs"; "an analgesic effect""
analgia
analgias
analities
anality
anally
analog,"something having the property of being analogous to something else","of a circuit or device having an output that is proportional to the input; "analogue device"; "linear amplifier""
analogic
analogical,"expressing, composed of, or based on an analogy; "the analogical use of a metaphor""
analogically
analogies
analogously,"in an analogous manner; "analogously, we have a variable""
analogs,"something having the property of being analogous to something else","of a circuit or device having an output that is proportional to the input; "analogue device"; "linear amplifier""
analogue,"something having the property of being analogous to something else","of a circuit or device having an output that is proportional to the input; "analogue device"; "linear amplifier""
analogues,"something having the property of being analogous to something else","of a circuit or device having an output that is proportional to the input; "analogue device"; "linear amplifier""
analogy,"an inference that if things agree in some respects they probably agree in others","drawing a comparison in order to show a similarity in some respect; "the operation of a computer presents and interesting analogy to the working of the brain"; "the models show by analogy how matter is built up"","the religious belief that between creature and creator no similarity can be found so great but that the dissimilarity is always greater; any analogy between God and humans will always be inadequate"
analyse,"consider in detail and subject to an analysis in order to discover essential features or meaning; "analyze a sonnet by Shakespeare"; "analyze the evidence in a criminal trial"; "analyze your real motives"","break down into components or essential features; "analyze today's financial market"","make a mathematical, chemical, or grammatical analysis of; break down into components or essential features; "analyze a specimen"; "analyze a sentence"; "analyze a chemical compound"","subject to psychoanalytic treatment; "I was analyzed in Vienna by a famous psychiatrist""
analysed
analyser,"an instrument that performs analyses"
analysers,"an instrument that performs analyses"
analyses,"an investigation of the component parts of a whole and their relations in making up the whole","the abstract separation of a whole into its constituent parts in order to study the parts and their relations","a form of literary criticism in which the structure of a piece of writing is analyzed","the use of closed-class words instead of inflections: e.g., `the father of the bride' instead of `the bride's father'","a branch of mathematics involving calculus and the theory of limits; sequences and series and integration and differentiation","a set of techniques for exploring underlying motives and a method of treating various mental disorders; based on the theories of Sigmund Freud; "his physician recommended psychoanalysis"","consider in detail and subject to an analysis in order to discover essential features or meaning; "analyze a sonnet by Shakespeare"; "analyze the evidence in a criminal trial"; "analyze your real motives"","break down into components or essential features; "analyze today's financial market"","make a mathematical, chemical, or grammatical analysis of; break down into components or essential features; "analyze a specimen"; "analyze a sentence"; "analyze a chemical compound"","subject to psychoanalytic treatment; "I was analyzed in Vienna by a famous psychiatrist""
analysing
analysis,"an investigation of the component parts of a whole and their relations in making up the whole","the abstract separation of a whole into its constituent parts in order to study the parts and their relations","a form of literary criticism in which the structure of a piece of writing is analyzed","the use of closed-class words instead of inflections: e.g., `the father of the bride' instead of `the bride's father'","a branch of mathematics involving calculus and the theory of limits; sequences and series and integration and differentiation","a set of techniques for exploring underlying motives and a method of treating various mental disorders; based on the theories of Sigmund Freud; "his physician recommended psychoanalysis""
analyst,"someone who is skilled at analyzing data","an expert who studies financial data (on credit or securities or sales or financial patterns etc.) and recommends appropriate business actions","a licensed practitioner of psychoanalysis"
analysts,"someone who is skilled at analyzing data","an expert who studies financial data (on credit or securities or sales or financial patterns etc.) and recommends appropriate business actions","a licensed practitioner of psychoanalysis"
analytic,"using or subjected to a methodology using algebra and calculus; "analytic statics"","using or skilled in using analysis (i.e., separating a whole--intellectual or substantial--into its elemental parts or basic principles); "an analytic experiment"; "an analytic approach"; "a keenly analytic man"; "analytical reasoning"; "an analytical mind"","expressing a grammatical category by using two or more words rather than inflection","of a proposition that is necessarily true independent of fact or experience; "`all spinsters are unmarried' is an analytic proposition""
analytical,"using or skilled in using analysis (i.e., separating a whole--intellectual or substantial--into its elemental parts or basic principles); "an analytic experiment"; "an analytic approach"; "a keenly analytic man"; "analytical reasoning"; "an analytical mind"","of a proposition that is necessarily true independent of fact or experience; "`all spinsters are unmarried' is an analytic proposition""
analyzable,"capable of being partitioned"
analyze,"consider in detail and subject to an analysis in order to discover essential features or meaning; "analyze a sonnet by Shakespeare"; "analyze the evidence in a criminal trial"; "analyze your real motives"","make a mathematical, chemical, or grammatical analysis of; break down into components or essential features; "analyze a specimen"; "analyze a sentence"; "analyze a chemical compound"","break down into components or essential features; "analyze today's financial market"","subject to psychoanalytic treatment; "I was analyzed in Vienna by a famous psychiatrist""
analyzed,"examined carefully and methodically; broken down for consideration of constituent parts; "the analyzed data indicated surprising trends"; "a carefully analyzed poem can be like a dead butterfly pinned to a board""
analyzer,"an instrument that performs analyses"
analyzers,"an instrument that performs analyses"
analyzes,"consider in detail and subject to an analysis in order to discover essential features or meaning; "analyze a sonnet by Shakespeare"; "analyze the evidence in a criminal trial"; "analyze your real motives"","make a mathematical, chemical, or grammatical analysis of; break down into components or essential features; "analyze a specimen"; "analyze a sentence"; "analyze a chemical compound"","break down into components or essential features; "analyze today's financial market"","subject to psychoanalytic treatment; "I was analyzed in Vienna by a famous psychiatrist""
analyzing
ananke
anankes
anapaest,"a metrical unit with unstressed-unstressed-stressed syllables"
anapaests,"a metrical unit with unstressed-unstressed-stressed syllables"
anapest,"a metrical unit with unstressed-unstressed-stressed syllables"
anapests,"a metrical unit with unstressed-unstressed-stressed syllables"
anaphase,"the stage of meiosis or mitosis when chromosomes move toward opposite ends of the nuclear spindle"
anaphases,"the stage of meiosis or mitosis when chromosomes move toward opposite ends of the nuclear spindle"
anaphora,"using a pronoun or similar word instead of repeating a word used earlier","repetition of a word or phrase at the beginning of successive clauses"
anaphoras,"using a pronoun or similar word instead of repeating a word used earlier","repetition of a word or phrase at the beginning of successive clauses"
anaphylactic,"related to the hypersensitivity known as anaphylaxis; "anaphylactic shock""
anarch
anarchic,"without law or control; "the system is economically inefficient and politically anarchic""
anarchies
anarchism,"a political theory favoring the abolition of governments"
anarchisms,"a political theory favoring the abolition of governments"
anarchist,"an advocate of anarchism"
anarchistic,"of or related to anarchism or tending toward anarchism"
anarchists,"an advocate of anarchism"
anarchs
anarchy,"a state of lawlessness and disorder (usually resulting from a failure of government)"
anarthria,"partial or total loss of articulate speech resulting from lesions of the central nervous system"
anas,"type genus of the Anatidae: freshwater ducks"
anasarca,"generalized edema with accumulation of serum in subcutaneous connective tissue"
anasarcas,"generalized edema with accumulation of serum in subcutaneous connective tissue"
anatase
anatases
anathema,"a detested person; "he is an anathema to me"","a formal ecclesiastical curse accompanied by excommunication"
anathemas,"a detested person; "he is an anathema to me"","a formal ecclesiastical curse accompanied by excommunication"
anathemata
anatomic,"of or relating to the structure of the body; "anatomical features"","of or relating to the branch of morphology that studies the structure of organisms; "anatomical research""
anatomical,"an expression that relates to anatomy","of or relating to the structure of the body; "anatomical features"","of or relating to the branch of morphology that studies the structure of organisms; "anatomical research""
anatomically,"with respect to anatomy; "anatomically correct""
anatomies
anatomist,"an expert in anatomy"
anatomists,"an expert in anatomy"
anatomy,"the branch of morphology that deals with the structure of animals","alternative names for the body of a human being; "Leonardo studied the human body"; "he has a strong physique"; "the spirit is willing but the flesh is weak"","a detailed analysis; "he studied the anatomy of crimes""
anatoxin,"a bacterial toxin that has been weakened until it is no longer toxic but is strong enough to induce the formation of antibodies and immunity to the specific disease caused by the toxin; "diphtheria toxoid""
anatoxins,"a bacterial toxin that has been weakened until it is no longer toxic but is strong enough to induce the formation of antibodies and immunity to the specific disease caused by the toxin; "diphtheria toxoid""
anatto
anattos
ancestor,"someone from whom you are descended (but usually more remote than a grandparent)"
ancestors,"someone from whom you are descended (but usually more remote than a grandparent)"
ancestral,"inherited or inheritable by established rules (usually legal rules) of descent; "ancestral home"; "ancestral lore"; "hereditary monarchy"; "patrimonial estate"; "transmissible tradition"","of or belonging to or inherited from an ancestor"
ancestress,"a woman ancestor"
ancestresses
ancestries
ancestry,"the descendants of one individual; "his entire lineage has been warriors"","inherited properties shared with others of your bloodline"
anchor,"a mechanical device that prevents a vessel from moving","a central cohesive source of support and stability; "faith is his anchor"; "the keystone of campaign reform was the ban on soft money"; "he is the linchpin of this firm"","a television reporter who coordinates a broadcast to which several correspondents contribute","fix firmly and stably; "anchor the lamppost in concrete"","secure a vessel with an anchor; "We anchored at Baltimore""
anchorage,"the condition of being secured to a base; "the plant needs a firm anchorage"; "the mother provides emotional anchorage for the entire family"","a fee for anchoring","a city in south central Alaska; "Anchorage is the largest city in Alaska"","place for vessels to anchor","the act of anchoring"
anchorages,"the condition of being secured to a base; "the plant needs a firm anchorage"; "the mother provides emotional anchorage for the entire family"","a fee for anchoring","a city in south central Alaska; "Anchorage is the largest city in Alaska"","place for vessels to anchor","the act of anchoring"
anchored
anchoret
anchorets
anchoring
anchorman,"a television reporter who coordinates a broadcast to which several correspondents contribute"
anchormen
anchors,"a mechanical device that prevents a vessel from moving","a central cohesive source of support and stability; "faith is his anchor"; "the keystone of campaign reform was the ban on soft money"; "he is the linchpin of this firm"","a television reporter who coordinates a broadcast to which several correspondents contribute","fix firmly and stably; "anchor the lamppost in concrete"","secure a vessel with an anchor; "We anchored at Baltimore""
anchovies
anchovy,"tiny fishes usually canned or salted; used for hors d'oeuvres or as seasoning in sauces","small herring-like plankton-eating fishes often canned whole or as paste; abundant in tropical waters worldwide"
anchusa,"any of various Old World herbs of the genus Anchusa having one-sided clusters of trumpet-shaped flowers"
anchusas,"any of various Old World herbs of the genus Anchusa having one-sided clusters of trumpet-shaped flowers"
anchusin
anchusins
ancient,"a very old person","a person who lived in ancient times","belonging to times long past especially of the historical period before the fall of the Western Roman Empire; "ancient history"; "ancient civilizations such as those of the Etruscans and Sumerians"; "ancient Greece"","very old; "an ancient mariner""
ancienter
ancientest
ancients,"people who lived in times long past (especially during the historical period before the fall of the Roman Empire in western Europe)","belonging to times long past especially of the historical period before the fall of the Western Roman Empire; "ancient history"; "ancient civilizations such as those of the Etruscans and Sumerians"; "ancient Greece"","very old; "an ancient mariner""
ancilla
ancillae
ancillary,"furnishing added support; "an ancillary pump"; "an adjuvant discipline to forms of mysticism"; "The mind and emotions are auxiliary to each other""
ancillas
ancon
anconal
ancone
anconeal
ancones
anconoid
ancress
ancresses
and
andante,"a moderately slow tempo (a walking pace)","a musical composition or musical passage to be performed moderately slow","(of tempo) moderately slow","at a moderately slow tempo; "this passage must be played andante""
andantes,"a moderately slow tempo (a walking pace)","a musical composition or musical passage to be performed moderately slow","(of tempo) moderately slow","at a moderately slow tempo; "this passage must be played andante""
anded
andesite,"a dark grey volcanic rock"
andesites,"a dark grey volcanic rock"
andesyte
andesytes
andiron,"metal supports for logs in a fireplace; "the andirons were too hot to touch""
andirons,"metal supports for logs in a fireplace; "the andirons were too hot to touch""
androgen,"male sex hormone that is produced in the testes and responsible for typical male sexual characteristics"
androgens,"male sex hormone that is produced in the testes and responsible for typical male sexual characteristics"
androgynous,"relating to or exhibiting both female and male sex organs but with a predominantly female appearance","having both male and female characteristics"
android,"an automaton that resembles a human being"
androids,"an automaton that resembles a human being"
ands
ane,"used of a single unit or thing; not two or more; "`ane' is Scottish""
anear
aneared
anearing
anears
anecdota
anecdotal,"having the character of an anecdote; "anecdotal evidence"","characterized by or given to telling anecdotes; "anecdotal conversation"; "an anecdotal history of jazz"; "he was at his anecdotic best""
anecdote,"short account of an incident (especially a biographical one)"
anecdotes,"short account of an incident (especially a biographical one)"
anechoic,"not having or producing echoes; sound-absorbent; "an anechoic chamber""
anele,"administer an oil or ointment to ; often in a religious ceremony of blessing"
aneled
aneles,"administer an oil or ointment to ; often in a religious ceremony of blessing"
aneling
anemia,"a deficiency of red blood cells","a lack of vitality","genus of terrestrial or lithophytic ferns having pinnatifid fronds; chiefly of tropical America"
anemias,"a deficiency of red blood cells","a lack of vitality","genus of terrestrial or lithophytic ferns having pinnatifid fronds; chiefly of tropical America"
anemic,"lacking vigor or energy; "an anemic attempt to hit the baseball"","relating to anemia or suffering from anemia"
anemone,"any woodland plant of the genus Anemone grown for its beautiful flowers and whorls of dissected leaves","marine polyps that resemble flowers but have oral rings of tentacles; differ from corals in forming no hard skeleton"
anemones,"any woodland plant of the genus Anemone grown for its beautiful flowers and whorls of dissected leaves","marine polyps that resemble flowers but have oral rings of tentacles; differ from corals in forming no hard skeleton"
anenst
anent
anergia
anergias
anergic
anergies
anergy,"reduction or lack of an immune response to a specific antigen","inactivity and lack of energy"
aneroid,"a barometer that measures pressure without using fluids","containing no liquid or actuated without the use of liquid; "aneroid barometer""
aneroids,"a barometer that measures pressure without using fluids","containing no liquid or actuated without the use of liquid; "aneroid barometer""
anes,"used of a single unit or thing; not two or more; "`ane' is Scottish""
anesthesia,"loss of bodily sensation with or without loss of consciousness"
anesthesias,"loss of bodily sensation with or without loss of consciousness"
anesthetic,"a drug that causes temporary loss of bodily sensations","relating to or producing insensibility","characterized by insensibility; "the young girls are in a state of possession--blind and deaf and anesthetic"; "an anesthetic state""
anesthetics,"a drug that causes temporary loss of bodily sensations","relating to or producing insensibility","characterized by insensibility; "the young girls are in a state of possession--blind and deaf and anesthetic"; "an anesthetic state""
anesthetist,"a specialist who administers an anesthetic to a patient before he is treated"
anesthetists,"a specialist who administers an anesthetic to a patient before he is treated"
anesthetize,"administer an anesthetic drug to; "The patient must be anesthetized before the operation"; "anesthetize the gum before extracting the teeth""
anesthetized
anesthetizes,"administer an anesthetic drug to; "The patient must be anesthetized before the operation"; "anesthetize the gum before extracting the teeth""
anesthetizing
anestri
anestrus,"applies to nonhuman mammals: a state or interval of sexual inactivity between two periods of estrus"
anethol
anethole
anetholes
anethols
aneurism,"a cardiovascular disease characterized by a saclike widening of an artery resulting from weakening of the artery wall"
aneurisms,"a cardiovascular disease characterized by a saclike widening of an artery resulting from weakening of the artery wall"
aneurysm,"a cardiovascular disease characterized by a saclike widening of an artery resulting from weakening of the artery wall"
aneurysms,"a cardiovascular disease characterized by a saclike widening of an artery resulting from weakening of the artery wall"
anew,"again but in a new or different way; "start afresh"; "wanted to write the story anew"; "starting life anew in a fresh place""
anga
angaria
angarias
angaries
angary
angas,"a Chadic language spoken in northern Nigeria and closely related to Hausa"
angel,"spiritual being attendant upon God","person of exceptional holiness","invests in a theatrical production","the highest waterfall; has more than one leap; flow varies seasonally"
angelic,"marked by utter benignity; resembling or befitting an angel or saint; "angelic beneficence"; "a beatific smile"; "a saintly concern for his fellow men"; "my sainted mother"","of or relating to angels; "angelic messenger"","having a sweet nature befitting an angel or cherub; "an angelic smile"; "a cherubic face"; "looking so seraphic when he slept"; "a sweet disposition""
angelica,"any of various tall and stout herbs of the genus Angelica having pinnately compound leaves and small white or greenish flowers in compound umbels","candied stalks of the angelica plant","aromatic stems or leaves or roots of Angelica Archangelica"
angelical,"of or relating to angels; "angelic messenger"","having a sweet nature befitting an angel or cherub; "an angelic smile"; "a cherubic face"; "looking so seraphic when he slept"; "a sweet disposition"","marked by utter benignity; resembling or befitting an angel or saint; "angelic beneficence"; "a beatific smile"; "a saintly concern for his fellow men"; "my sainted mother""
angelically,"like an angel; "the child was sleeping angelically""
angelicas,"any of various tall and stout herbs of the genus Angelica having pinnately compound leaves and small white or greenish flowers in compound umbels","candied stalks of the angelica plant","aromatic stems or leaves or roots of Angelica Archangelica"
angels,"spiritual being attendant upon God","person of exceptional holiness","invests in a theatrical production","the highest waterfall; has more than one leap; flow varies seasonally"
angelus,"the sound of a bell rung in Roman Catholic churches to announce the time when the Angelus should be recited","a prayer said 3 times a day by Roman Catholics in memory of the Annunciation"
angeluses
anger,"a strong emotion; a feeling that is oriented toward some real or supposed grievance","the state of being angry","belligerence aroused by a real or supposed wrong (personified as one of the deadly sins)","make angry; "The news angered him"","become angry; "He angers easily""
angered,"marked by extreme anger; "the enraged bull attached"; "furious about the accident"; "a furious scowl"; "infuriated onlookers charged the police who were beating the boy"; "could not control the maddened crowd""
angering
angerly
angers,"a strong emotion; a feeling that is oriented toward some real or supposed grievance","the state of being angry","belligerence aroused by a real or supposed wrong (personified as one of the deadly sins)","make angry; "The news angered him"","become angry; "He angers easily""
angina,"any disease of the throat or fauces marked by spasmodic attacks of intense suffocative pain","a heart condition marked by paroxysms of chest pain due to reduced oxygen to the heart"
anginal,"of or related to the pain of angina pectoris"
anginas,"any disease of the throat or fauces marked by spasmodic attacks of intense suffocative pain","a heart condition marked by paroxysms of chest pain due to reduced oxygen to the heart"
anginose,"of or related to the pain of angina pectoris"
anginous,"of or related to the pain of angina pectoris"
angioma,"a tumor consisting of a mass of blood or lymphatic vessels"
angiomas,"a tumor consisting of a mass of blood or lymphatic vessels"
angiomata,"a tumor consisting of a mass of blood or lymphatic vessels"
angle,"the space between two lines or planes that intersect; the inclination of one line to another; measured in degrees or radians","a biased way of looking at or presenting something","a member of a Germanic people who conquered England and merged with the Saxons and Jutes to become Anglo-Saxons","move or proceed at an angle; "he angled his way into the room"","to incline or bend from a vertical position; "She leaned over the banister"","seek indirectly; "fish for compliments"","fish with a hook","present with a bias; "He biased his presentation so as to please the share holders""
angled,"forming or set at an angle; "angled parking""
anglepod
anglepods
angler,"a scheming person; someone who schemes to gain an advantage","a fisherman who uses a hook and line","fishes having large mouths with a wormlike filament attached for luring prey"
anglers,"a scheming person; someone who schemes to gain an advantage","a fisherman who uses a hook and line","fishes having large mouths with a wormlike filament attached for luring prey"
angles,"the space between two lines or planes that intersect; the inclination of one line to another; measured in degrees or radians","a biased way of looking at or presenting something","a member of a Germanic people who conquered England and merged with the Saxons and Jutes to become Anglo-Saxons","move or proceed at an angle; "he angled his way into the room"","to incline or bend from a vertical position; "She leaned over the banister"","seek indirectly; "fish for compliments"","fish with a hook","present with a bias; "He biased his presentation so as to please the share holders""
angleworm,"terrestrial worm that burrows into and helps aerate soil; often surfaces when the ground is cool or wet; used as bait by anglers"
angleworms,"terrestrial worm that burrows into and helps aerate soil; often surfaces when the ground is cool or wet; used as bait by anglers"
anglice
angling,"fishing with a hook and line (and usually a pole)"
anglings,"fishing with a hook and line (and usually a pole)"
angora,"the capital of Turkey; located in west-central Turkey; it was formerly known as Angora and is the home of Angora goats","a domestic breed of goat raised for its long silky hair which is the true mohair","domestic breed of rabbit with long white silky hair","a long-haired breed of cat similar to the Persian cat"
angoras,"the capital of Turkey; located in west-central Turkey; it was formerly known as Angora and is the home of Angora goats","a domestic breed of goat raised for its long silky hair which is the true mohair","domestic breed of rabbit with long white silky hair","a long-haired breed of cat similar to the Persian cat"
angrier,"feeling or showing anger; "angry at the weather"; "angry customers"; "an angry silence"; "sending angry letters to the papers"","(of the elements) as if showing violent anger; "angry clouds on the horizon"; "furious winds"; "the raging sea"","severely inflamed and painful; "an angry sore""
angriest,"feeling or showing anger; "angry at the weather"; "angry customers"; "an angry silence"; "sending angry letters to the papers"","(of the elements) as if showing violent anger; "angry clouds on the horizon"; "furious winds"; "the raging sea"","severely inflamed and painful; "an angry sore""
angrily,"with anger; "he angrily denied the accusation""
angry,"feeling or showing anger; "angry at the weather"; "angry customers"; "an angry silence"; "sending angry letters to the papers"","(of the elements) as if showing violent anger; "angry clouds on the horizon"; "furious winds"; "the raging sea"","severely inflamed and painful; "an angry sore""
angst,"an acute but unspecific feeling of anxiety; usually reserved for philosophical anxiety about the world or about personal freedom"
angstrom,"a metric unit of length equal to one ten billionth of a meter (or 0.0001 micron); used to specify wavelengths of electromagnetic radiation"
angstroms,"a metric unit of length equal to one ten billionth of a meter (or 0.0001 micron); used to specify wavelengths of electromagnetic radiation"
angsts,"an acute but unspecific feeling of anxiety; usually reserved for philosophical anxiety about the world or about personal freedom"
anguine,"of or related to or resembling a snake"
anguish,"extreme mental distress","extreme distress of body or mind","suffer great pains or distress","cause emotional anguish or make miserable; "It pains me to see my children not being taught well in school""
anguished,"experiencing intense pain especially mental pain; "an anguished conscience"; "a small tormented schoolboy"; "a tortured witness to another's humiliation""
anguishes
anguishing
angular,"measured by an angle or by the rate of change of an angle; "angular momentum"","having angles or an angular shape"
angularities
angularity,"a shape having one or more sharp angles","the property possessed by a shape that has angles"
angulate,"make or become angular","having angles or an angular shape"
angulated
angulates,"make or become angular","having angles or an angular shape"
angulating
angulose
angulous
anhinga,"fish-eating bird of warm inland waters having a long flexible neck and slender sharp-pointed bill"
anhingas,"fish-eating bird of warm inland waters having a long flexible neck and slender sharp-pointed bill"
ani,"black tropical American cuckoo"
anil,"a blue dye obtained from plants or made synthetically","shrub of West Indies and South America that is a source of indigo dye"
anile,"of or like a feeble old woman"
anilin
aniline,"oily poisonous liquid amine obtained from nitrobenzene and used to make dyes and plastics and medicines"
anilines,"oily poisonous liquid amine obtained from nitrobenzene and used to make dyes and plastics and medicines"
anilins
anilities
anility
anils,"a blue dye obtained from plants or made synthetically","shrub of West Indies and South America that is a source of indigo dye"
anima,"(Jungian psychology) the inner self (not the external persona) that is in touch with the unconscious"
animal,"a living organism characterized by voluntary movement","marked by the appetites and passions of the body; "animal instincts"; "carnal knowledge"; "fleshly desire"; "a sensual delight in eating"; "music is the only sensual pleasure without vice""
animally
animals,"a living organism characterized by voluntary movement","marked by the appetites and passions of the body; "animal instincts"; "carnal knowledge"; "fleshly desire"; "a sensual delight in eating"; "music is the only sensual pleasure without vice""
animas,"(Jungian psychology) the inner self (not the external persona) that is in touch with the unconscious"
animate,"heighten or intensify; "These paintings exalt the imagination"","give lifelike qualities to; "animated cartoons"","make lively; "let's liven up this room a bit"","give new life or energy to; "A hot soup will revive me"; "This will renovate my spirits"; "This treatment repaired my health"","belonging to the class of nouns that denote living beings; "the word `dog' is animate"","endowed with animal life as distinguished from plant life; "we are animate beings"","endowed with feeling and unstructured consciousness; "the living knew themselves just sentient puppets on God's stage"- T.E.Lawrence"
animated,"having life or vigor or spirit; "an animated and expressive face"; "animated conversation"; "became very animated when he heard the good news"","made to appear to move as living creatures do; "an animated cartoon"; "animated puppets""
animater
animaters
animates,"heighten or intensify; "These paintings exalt the imagination"","give lifelike qualities to; "animated cartoons"","make lively; "let's liven up this room a bit"","give new life or energy to; "A hot soup will revive me"; "This will renovate my spirits"; "This treatment repaired my health"","belonging to the class of nouns that denote living beings; "the word `dog' is animate"","endowed with animal life as distinguished from plant life; "we are animate beings"","endowed with feeling and unstructured consciousness; "the living knew themselves just sentient puppets on God's stage"- T.E.Lawrence"
animating,"giving spirit and vivacity"
animation,"the condition of living or the state of being alive; "while there's life there's hope"; "life depends on many chemical and physical processes"","the property of being able to survive and grow; "the vitality of a seed"","quality of being active or spirited or alive and vigorous","the activity of giving vitality and vigour to something","the making of animated cartoons","general activity and motion"
animations,"the condition of living or the state of being alive; "while there's life there's hope"; "life depends on many chemical and physical processes"","the property of being able to survive and grow; "the vitality of a seed"","quality of being active or spirited or alive and vigorous","the activity of giving vitality and vigour to something","the making of animated cartoons","general activity and motion"
animato
animator,"someone who imparts energy and vitality and spirit to other people","the technician who produces animated cartoons"
animators,"someone who imparts energy and vitality and spirit to other people","the technician who produces animated cartoons"
anime,"a hard copal derived from an African tree","any of various resins or oleoresins"
animes,"a hard copal derived from an African tree","any of various resins or oleoresins"
animi
animis
animism,"the doctrine that all natural objects and the universe itself have souls; "animism is common among primitive peoples""
animisms,"the doctrine that all natural objects and the universe itself have souls; "animism is common among primitive peoples""
animist,"one who accepts the doctrine of animism","of or pertaining to the doctrine of animism"
animists,"one who accepts the doctrine of animism","of or pertaining to the doctrine of animism"
animosities
animosity,"a feeling of ill will arousing active hostility"
animus,"a feeling of ill will arousing active hostility"
animuses
anion,"a negatively charged ion"
anionic,"a class of synthetic detergents in which the molecules do not ionize in aqueous solutions","of or relating to anions"
anions,"a negatively charged ion"
anis,"black tropical American cuckoo"
anise,"native to Egypt but cultivated widely for its aromatic seeds and the oil from them used medicinally and as a flavoring in cookery","liquorice-flavored seeds, used medicinally and in cooking and liquors"
aniseed,"liquorice-flavored seeds, used medicinally and in cooking and liquors"
aniseeds,"liquorice-flavored seeds, used medicinally and in cooking and liquors"
anises,"native to Egypt but cultivated widely for its aromatic seeds and the oil from them used medicinally and as a flavoring in cookery","liquorice-flavored seeds, used medicinally and in cooking and liquors"
anisette,"liquorice-flavored usually colorless sweet liqueur made from aniseed"
anisettes,"liquorice-flavored usually colorless sweet liqueur made from aniseed"
anisic
anisole
anisoles
ankerite
ankerites
ankh
ankhs
ankle,"a gliding joint between the distal ends of the tibia and fibula and the proximal end of the talus"
anklebone,"the bone in the ankle that articulates with the leg bones to form the ankle joint"
anklebones,"the bone in the ankle that articulates with the leg bones to form the ankle joint"
ankles,"a gliding joint between the distal ends of the tibia and fibula and the proximal end of the talus"
anklet,"a shoe for a child or woman that has a strap around the ankle","a sock that reaches just above the ankle","an ornament worn around the ankle"
anklets,"a sock that reaches just above the ankle"
ankus,"an elephant goad with a sharp spike and a hook"
ankuses
ankush
ankushes
ankylose,"produce ankylosis by surgery","undergo ankylosis; "joints ankylose""
ankylosed
ankyloses,"produce ankylosis by surgery","undergo ankylosis; "joints ankylose""
ankylosing
anlace
anlaces
anlage,"an organ in its earliest stage of development; the foundation for subsequent development"
anlagen,"an organ in its earliest stage of development; the foundation for subsequent development"
anlages,"an organ in its earliest stage of development; the foundation for subsequent development"
anlas
anlases
anna,"a former copper coin of Pakistan and India"
annal
annalist,"a historian who writes annals"
annalists,"a historian who writes annals"
annals,"reports of the work of a society or learned body etc","a chronological account of events in successive years"
annas,"a former copper coin of Pakistan and India"
annates
annatto
annattos
anneal,"bring to a desired consistency, texture, or hardness by a process of gradually heating and cooling; "temper glass""
annealed
annealer
annealers
annealing,"hardening something by heat treatment"
anneals,"bring to a desired consistency, texture, or hardness by a process of gradually heating and cooling; "temper glass""
annelid,"worms with cylindrical bodies segmented both internally and externally","relating to or belonging to or characteristic of any worms of the phylum Annelida"
annelids,"worms with cylindrical bodies segmented both internally and externally","relating to or belonging to or characteristic of any worms of the phylum Annelida"
annex,"an addition that extends a main building","take (territory) as if by conquest; "Hitler annexed Lithuania"","attach to"
annexation,"incorporation by joining or uniting","the formal act of acquiring something (especially territory) by conquest or occupation; "the French annexation of Madagascar as a colony in 1896"; "a protectorate has frequently been a first step to annexation""
annexations,"incorporation by joining or uniting","the formal act of acquiring something (especially territory) by conquest or occupation; "the French annexation of Madagascar as a colony in 1896"; "a protectorate has frequently been a first step to annexation""
annexe,"an addition that extends a main building"
annexed
annexes,"an addition that extends a main building"
annexing
annihilate,"kill in large numbers; "the plague wiped out an entire population""
annihilated,"destroyed completely"
annihilates,"kill in large numbers; "the plague wiped out an entire population""
annihilating,"wreaking or capable of wreaking complete destruction; "possessing annihilative power"; "a devastating hurricane"; "the guns opened a withering fire"","making light of; "afire with annihilating invective"; "a devastating portrait of human folly"; "to compliments inflated I've a withering reply"- W.S.Gilbert"
annihilation,"destruction by annihilating something","total destruction; "bomb tests resulted in the annihilation of the atoll""
annihilations,"destruction by annihilating something","total destruction; "bomb tests resulted in the annihilation of the atoll""
anniversaries
anniversary,"the date on which an event occurred in some previous year (or the celebration of it)"
annotate,"add explanatory notes to or supply with critical comments; "The scholar annotated the early edition of a famous novel"","provide interlinear explanations for words or phrases; "He annotated on what his teacher had written""
annotated
annotates,"add explanatory notes to or supply with critical comments; "The scholar annotated the early edition of a famous novel"","provide interlinear explanations for words or phrases; "He annotated on what his teacher had written""
annotating,"the act of adding notes"
annotation,"a comment or instruction (usually added); "his notes were appended at the end of the article"; "he added a short notation to the address on the envelope"","the act of adding notes"
annotations,"a comment or instruction (usually added); "his notes were appended at the end of the article"; "he added a short notation to the address on the envelope"","the act of adding notes"
annotator,"a commentator who writes notes to a text"
annotators,"a commentator who writes notes to a text"
announce,"make known; make an announcement; "She denoted her feelings clearly"","announce publicly or officially; "The President declared war"","give the names of; "He announced the winners of the spelling bee"","foreshadow or presage"
announced,"declared publicly; made widely known; "their announced intentions"; "the newspaper's proclaimed adherence to the government's policy""
announcement,"a formal public statement; "the government made an announcement about changes in the drug war"; "a declaration of independence"","a public statement containing information about an event that has happened or is going to happen; "the announcement appeared in the local newspaper"; "the promulgation was written in English""
announcements,"a formal public statement; "the government made an announcement about changes in the drug war"; "a declaration of independence"","a public statement containing information about an event that has happened or is going to happen; "the announcement appeared in the local newspaper"; "the promulgation was written in English""
announcer,"someone who proclaims a message publicly","reads news, commercials on radio or television"
announcers,"someone who proclaims a message publicly","reads news, commercials on radio or television"
announces,"make known; make an announcement; "She denoted her feelings clearly"","announce publicly or officially; "The President declared war"","give the names of; "He announced the winners of the spelling bee"","foreshadow or presage"
announcing
annoy,"cause annoyance in; disturb, especially by minor irritations; "Mosquitoes buzzing in my ear really bothers me"; "It irritates me that she never closes the door after she leaves""
annoyance,"the psychological state of being irritated or annoyed","anger produced by some annoying irritation","an unpleasant person who is annoying or exasperating","something or someone that causes trouble; a source of unhappiness; "washing dishes was a nuisance before we got a dish washer"; "a bit of a bother"; "he's not a friend, he's an infliction"","the act of troubling or annoying someone"
annoyances,"the psychological state of being irritated or annoyed","anger produced by some annoying irritation","an unpleasant person who is annoying or exasperating","something or someone that causes trouble; a source of unhappiness; "washing dishes was a nuisance before we got a dish washer"; "a bit of a bother"; "he's not a friend, he's an infliction"","the act of troubling or annoying someone"
annoyed,"aroused to impatience or anger; "made an irritated gesture"; "feeling nettled from the constant teasing"; "peeved about being left out"; "felt really pissed at her snootiness"; "riled no end by his lies"; "roiled by the delay"","troubled persistently especially with petty annoyances; "harassed working mothers"; "a harried expression"; "her poor pestered father had to endure her constant interruptions"; "the vexed parents of an unruly teenager""
annoyer,"someone given to teasing (as by mocking or stirring curiosity)"
annoyers,"someone given to teasing (as by mocking or stirring curiosity)"
annoying,"the act of troubling or annoying someone","causing irritation or annoyance; "tapping an annoying rhythm on his glass with his fork"; "aircraft noise is particularly bothersome near the airport"; "found it galling to have to ask permission"; "an irritating delay"; "nettlesome paperwork"; "a pesky mosquito"; "swarms of pestering gnats"; "a plaguey newfangled safety catch"; "a teasing and persistent thought annoyed him"; "a vexatious child"; "it is vexing to have to admit you are wrong""
annoyingly,"in an annoying manner or to an annoying degree"
annoys,"cause annoyance in; disturb, especially by minor irritations; "Mosquitoes buzzing in my ear really bothers me"; "It irritates me that she never closes the door after she leaves""
annual,"(botany) a plant that completes its entire life cycle within the space of a year","a reference book that is published regularly once every year","completing its life cycle within a year; "a border of annual flowering plants"","occurring or payable every year; "an annual trip to Paris"; "yearly medical examinations"; "annual (or yearly) income""
annually,"without missing a year; "they travel to China annually"","by the year; every year (usually with reference to a sum of money paid or received); "he earned $100,000 per annum"; "we issue six volumes per annum""
annuals,"(botany) a plant that completes its entire life cycle within the space of a year","a reference book that is published regularly once every year","completing its life cycle within a year; "a border of annual flowering plants"","occurring or payable every year; "an annual trip to Paris"; "yearly medical examinations"; "annual (or yearly) income""
annuities
annuity,"income from capital investment paid in a series of regular payments; "his retirement fund was set up to be paid as an annuity""
annul,"declare invalid; "The contract was annulled"; "void a plea"","cancel officially; "He revoked the ban on smoking"; "lift an embargo"; "vacate a death sentence""
annular,"shaped like a ring"
annulate,"shaped like a ring"
annulet,"(heraldry) a charge in the shape of a circle; "a hollow roundel"","molding in the form of a ring; at top of a column","a small ring"
annulets,"(heraldry) a charge in the shape of a circle; "a hollow roundel"","molding in the form of a ring; at top of a column","a small ring"
annuli,"a toroidal shape; "a ring of ships in the harbor"; "a halo of smoke"","(Fungi) a remnant of the partial veil that in mature mushrooms surrounds the stem like a collar"
annulled,"declare invalid; "The contract was annulled"; "void a plea"","cancel officially; "He revoked the ban on smoking"; "lift an embargo"; "vacate a death sentence""
annulling,"declare invalid; "The contract was annulled"; "void a plea"","cancel officially; "He revoked the ban on smoking"; "lift an embargo"; "vacate a death sentence""
annulment,"the state of being cancelled or annulled","(law) a formal termination (of a relationship or a judicial proceeding etc)","the act of abrogating; an official or legal cancellation"
annulments,"the state of being cancelled or annulled","(law) a formal termination (of a relationship or a judicial proceeding etc)","the act of abrogating; an official or legal cancellation"
annulose
annuls,"declare invalid; "The contract was annulled"; "void a plea"","cancel officially; "He revoked the ban on smoking"; "lift an embargo"; "vacate a death sentence""
annulus,"a toroidal shape; "a ring of ships in the harbor"; "a halo of smoke"","(Fungi) a remnant of the partial veil that in mature mushrooms surrounds the stem like a collar"
annuluses
anoa,"small buffalo of the Celebes having small straight horns"
anoas,"small buffalo of the Celebes having small straight horns"
anodal,"of or at or relating to an anode"
anodally
anode,"a positively charged electrode by which electrons leave an electrical device","the negatively charged terminal of a voltaic cell or storage battery that supplies current"
anodes,"a positively charged electrode by which electrons leave an electrical device","the negatively charged terminal of a voltaic cell or storage battery that supplies current"
anodic,"of or at or relating to an anode"
anodically
anodize,"coat a metal with an oxide coat"
anodized
anodizes,"coat a metal with an oxide coat"
anodizing
anodyne,"a medicine used to relieve pain","capable of relieving pain; "the anodyne properties of certain drugs"; "an analgesic effect""
anodynes,"a medicine used to relieve pain","capable of relieving pain; "the anodyne properties of certain drugs"; "an analgesic effect""
anodynic
anoint,"choose by or as if by divine intervention; "She was anointed the head of the Christian fundamentalist group"","administer an oil or ointment to ; often in a religious ceremony of blessing"
anointed
anointer,"one who anoints as a religious ceremony"
anointers,"one who anoints as a religious ceremony"
anointing,"the act of applying oil or an oily liquid"
anointment,"the act of applying oil or an oily liquid"
anointments,"the act of applying oil or an oily liquid"
anoints,"choose by or as if by divine intervention; "She was anointed the head of the Christian fundamentalist group"","administer an oil or ointment to ; often in a religious ceremony of blessing"
anole,"small arboreal tropical American insectivorous lizards with the ability to change skin color"
anoles,"small arboreal tropical American insectivorous lizards with the ability to change skin color"
anolyte
anolytes
anomalies
anomalous,"deviating from the general or common order or type; "advanced forms of life may be anomalous in the universe""
anomaly,"deviation from the normal or common order or form or rule","a person who is unusual","(astronomy) position of a planet as defined by its angular distance from its perihelion (as observed from the sun)"
anomic,"socially disoriented; "anomic loners musing over their fate"; "we live in an age of rootless alienated people""
anomie,"personal state of isolation and anxiety resulting from a lack of social control and regulation","lack of moral standards in a society"
anomies,"personal state of isolation and anxiety resulting from a lack of social control and regulation","lack of moral standards in a society"
anomy,"personal state of isolation and anxiety resulting from a lack of social control and regulation","lack of moral standards in a society"
anon,"at another time; "ever and anon"","(old-fashioned or informal) in a little while; "see you anon""
anonym,"a fictitious name used when the person performs a particular social role"
anonymities
anonymity,"the state of being anonymous"
anonymous,"having no known name or identity or known source; "anonymous authors"; "anonymous donors"; "an anonymous gift"","not known or lacking marked individuality; "brown anonymous houses"; "anonymous bureaucrats in the Civil Service""
anonymously,"without giving a name; "she wrote these letters anonymously""
anonyms,"a fictitious name used when the person performs a particular social role"
anoopsia
anoopsias
anopia,"sightlessness (especially because of a structural defect in or the absence of an eye)"
anopias,"sightlessness (especially because of a structural defect in or the absence of an eye)"
anopsia
anopsias
anorak,"a kind of heavy jacket (`windcheater' is a British term)"
anoraks,"a kind of heavy jacket (`windcheater' is a British term)"
anoretic
anorexia,"a prolonged disorder of eating due to loss of appetite"
anorexias,"a prolonged disorder of eating due to loss of appetite"
anorexies
anorexy
anorthic,"having three unequal crystal axes intersecting at oblique angles; "triclinic system""
anosmia,"absence of the sense of smell (as by damage to olfactory nasal tissue or the olfactory nerve or by obstruction of the nasal passages)"
anosmias,"absence of the sense of smell (as by damage to olfactory nasal tissue or the olfactory nerve or by obstruction of the nasal passages)"
anosmic,"relating to an impairment or loss of the sense of smell","having impaired sense of smell"
another,"any of various alternatives; some other; "put it off to another (or some other) day""
anoxemia,"abnormally low oxygen content in arterial blood"
anoxemias,"abnormally low oxygen content in arterial blood"
anoxemic,"relating to or marked by abnormally little oxygen in arterial blood"
anoxia,"severe hypoxia; absence of oxygen in inspired gases or in arterial blood or in the tissues"
anoxias,"severe hypoxia; absence of oxygen in inspired gases or in arterial blood or in the tissues"
anoxic,"relating to or marked by a severe deficiency of oxygen in tissues or organs"
ansa
ansae
ansate
ansated
anserine,"of or resembling a goose","having or revealing stupidity; "ridiculous anserine behavior"; "a dopey answer"; "a dopey kid"; "some fool idea about rewriting authors' books""
anserines,"of or resembling a goose","having or revealing stupidity; "ridiculous anserine behavior"; "a dopey answer"; "a dopey kid"; "some fool idea about rewriting authors' books""
anserous
answer,"a statement (either spoken or written) that is made to reply to a question or request or criticism or accusation; "I waited several days for his answer"; "he wrote replies to several of his critics"","a statement that solves a problem or explains how to solve the problem; "they were trying to find a peaceful solution"; "the answers were in the back of the book"; "he computed the result to four decimal places"","the speech act of replying to a question","the principal pleading by the defendant in response to plaintiff's complaint; in criminal law it consists of the defendant's plea of `guilty' or `not guilty' (or nolo contendere); in civil law it must contain denials of all allegations in the plaintiff's complaint that the defendant hopes to controvert and it can contain affirmative defenses or counterclaims","a nonverbal reaction; "his answer to any problem was to get drunk"; "their answer was to sue me"","react verbally; "She didn't want to answer"; "answer the question"; "We answered that we would accept the invitation"","respond to a signal; "answer the door"; "answer the telephone"","give the correct answer or solution to; "answer a question"; "answer the riddle"","understand the meaning of; "The question concerning the meaning of life cannot be answered"","give a defence or refutation of (a charge) or in (an argument); "The defendant answered to all the charges of the prosecution"","be liable or accountable; "She must answer for her actions"","be sufficient; be adequate, either in quality or quantity; "A few words would answer"; "This car suits my purpose well"; "Will $100 do?"; "A 'B' grade doesn't suffice to get me into medical school"; "Nothing else will serve"","match or correspond; "The drawing of the suspect answers to the description the victim gave"","be satisfactory for; meet the requirements of or serve the purpose of; "This may answer her needs"","react to a stimulus or command; "The steering of my new car answers to the slightest touch""
answerable,"capable of being answered","morally or legally responsible to a higher authority; "parents are answerable for their child's acts""
answered
answerer,"someone who responds"
answerers,"someone who responds"
answering,"replying; "an answering glance"; "an answering smile""
answers,"a statement (either spoken or written) that is made to reply to a question or request or criticism or accusation; "I waited several days for his answer"; "he wrote replies to several of his critics"","a statement that solves a problem or explains how to solve the problem; "they were trying to find a peaceful solution"; "the answers were in the back of the book"; "he computed the result to four decimal places"","the speech act of replying to a question","the principal pleading by the defendant in response to plaintiff's complaint; in criminal law it consists of the defendant's plea of `guilty' or `not guilty' (or nolo contendere); in civil law it must contain denials of all allegations in the plaintiff's complaint that the defendant hopes to controvert and it can contain affirmative defenses or counterclaims","a nonverbal reaction; "his answer to any problem was to get drunk"; "their answer was to sue me"","react verbally; "She didn't want to answer"; "answer the question"; "We answered that we would accept the invitation"","respond to a signal; "answer the door"; "answer the telephone"","give the correct answer or solution to; "answer a question"; "answer the riddle"","understand the meaning of; "The question concerning the meaning of life cannot be answered"","give a defence or refutation of (a charge) or in (an argument); "The defendant answered to all the charges of the prosecution"","be liable or accountable; "She must answer for her actions"","be sufficient; be adequate, either in quality or quantity; "A few words would answer"; "This car suits my purpose well"; "Will $100 do?"; "A 'B' grade doesn't suffice to get me into medical school"; "Nothing else will serve"","match or correspond; "The drawing of the suspect answers to the description the victim gave"","be satisfactory for; meet the requirements of or serve the purpose of; "This may answer her needs"","react to a stimulus or command; "The steering of my new car answers to the slightest touch""
ant,"social insect living in organized colonies; characteristically the males and fertile queen have wings during breeding season; wingless sterile females are the workers"
anta
antacid,"an agent that counteracts or neutralizes acidity (especially in the stomach)","acting to neutralize acid (especially in the stomach)"
antacids,"an agent that counteracts or neutralizes acidity (especially in the stomach)","acting to neutralize acid (especially in the stomach)"
antae
antagonism,"a state of deep-seated ill-will","the relation between opposing principles or forces or factors; "the inherent antagonism of capitalism and socialism"","an actively expressed feeling of dislike and hostility","(biochemistry) interference in or inhibition of the physiological action of a chemical substance by another having a similar structure"
antagonisms,"a state of deep-seated ill-will","the relation between opposing principles or forces or factors; "the inherent antagonism of capitalism and socialism"","an actively expressed feeling of dislike and hostility","(biochemistry) interference in or inhibition of the physiological action of a chemical substance by another having a similar structure"
antagonist,"someone who offers opposition","a muscle that relaxes while another contracts; "when bending the elbow the triceps are the antagonist"","a drug that neutralizes or counteracts the effects of another drug"
antagonistic,"indicating opposition or resistance","characterized by antagonism or antipathy; "slaves antagonistic to their masters"; "antipathetic factions within the party"","arousing animosity or hostility; "his antagonistic brusqueness"; "Europe was antagonistic to the Unites States"","used especially of drugs or muscles that counteract or neutralize each other's effect","incapable of harmonious association"
antagonists,"someone who offers opposition","a muscle that relaxes while another contracts; "when bending the elbow the triceps are the antagonist"","a drug that neutralizes or counteracts the effects of another drug"
antagonize,"provoke the hostility of; "Don't antagonize your boss"","act in opposition to"
antagonized
antagonizes,"provoke the hostility of; "Don't antagonize your boss"","act in opposition to"
antagonizing
antalgic
antalgics
antarctic,"the region around the south pole: Antarctica and surrounding waters","at or near the south pole"
antas
ante,"(poker) the initial contribution that each player makes to the pot","place one's stake"
anteater,"toothless mammal of southern Africa and Asia having a body covered with horny scales and a long snout for feeding on ants and termites","any of several tropical American mammals of the family Myrmecophagidae which lack teeth and feed on ants and termites","nocturnal burrowing mammal of the grasslands of Africa that feeds on termites; sole extant representative of the order Tubulidentata","small Australian marsupial having long snout and strong claws for feeding on termites; nearly extinct","a burrowing monotreme mammal covered with spines and having a long snout and claws for hunting ants and termites; native to New Guinea","a burrowing monotreme mammal covered with spines and having a long snout and claws for hunting ants and termites; native to Australia"
anteaters,"toothless mammal of southern Africa and Asia having a body covered with horny scales and a long snout for feeding on ants and termites","any of several tropical American mammals of the family Myrmecophagidae which lack teeth and feed on ants and termites","nocturnal burrowing mammal of the grasslands of Africa that feeds on termites; sole extant representative of the order Tubulidentata","small Australian marsupial having long snout and strong claws for feeding on termites; nearly extinct","a burrowing monotreme mammal covered with spines and having a long snout and claws for hunting ants and termites; native to New Guinea","a burrowing monotreme mammal covered with spines and having a long snout and claws for hunting ants and termites; native to Australia"
antebellum,"belonging to a period before a war especially the American Civil War"
antecede,"be earlier in time; go back further; "Stone tools precede bronze tools""
anteceded
antecedent,"someone from whom you are descended (but usually more remote than a grandparent)","a preceding occurrence or cause or event","anything that precedes something similar in time; "phrenology was an antecedent of modern neuroscience"","the referent of an anaphor; a phrase or clause that is referred to by an anaphoric pronoun","preceding in time or order"
antecedents,"someone from whom you are descended (but usually more remote than a grandparent)","a preceding occurrence or cause or event","anything that precedes something similar in time; "phrenology was an antecedent of modern neuroscience"","the referent of an anaphor; a phrase or clause that is referred to by an anaphoric pronoun","preceding in time or order"
antecedes,"be earlier in time; go back further; "Stone tools precede bronze tools""
anteceding
anted
antedate,"be earlier in time; go back further; "Stone tools precede bronze tools"","establish something as being earlier relative to something else"
antedated
antedates,"be earlier in time; go back further; "Stone tools precede bronze tools"","establish something as being earlier relative to something else"
antedating
anteed
antefix,"carved ornament at the eaves of a tile roof concealing the joints between tiles"
antefixa,"carved ornament at the eaves of a tile roof concealing the joints between tiles"
antefixes
anteing
antelope,"graceful Old World ruminant with long legs and horns directed upward and backward; includes gazelles; springboks; impalas; addax; gerenuks; blackbucks; dik-diks"
antelopes,"graceful Old World ruminant with long legs and horns directed upward and backward; includes gazelles; springboks; impalas; addax; gerenuks; blackbucks; dik-diks"
antenna,"an electrical device that sends or receives radio or television signals","sensitivity similar to that of a receptor organ; "he had a special antenna for public relations"","one of a pair of mobile appendages on the head of e.g. insects and crustaceans; typically sensitive to touch and taste"
antennae,"an electrical device that sends or receives radio or television signals","sensitivity similar to that of a receptor organ; "he had a special antenna for public relations"","one of a pair of mobile appendages on the head of e.g. insects and crustaceans; typically sensitive to touch and taste"
antennal,"of or relating to antennae; "antennal senses of insects""
antennas,"an electrical device that sends or receives radio or television signals","sensitivity similar to that of a receptor organ; "he had a special antenna for public relations"","one of a pair of mobile appendages on the head of e.g. insects and crustaceans; typically sensitive to touch and taste"
antepast
antepasts
anterior,"a tooth situated at the front of the mouth; "his malocclusion was caused by malposed anteriors"","of or near the head end or toward the front plane of a body","earlier in time"
anteroom,"a large entrance or reception room or area"
anterooms,"a large entrance or reception room or area"
antes,"(poker) the initial contribution that each player makes to the pot","place one's stake"
antetype
antetypes
antevert
anteverted
anteverting
anteverts
anthelia
anthelices
anthelix
anthem,"a song of devotion or loyalty (as to a nation or school)","a song of praise (to God or to a saint or to a nation)"
anthemed
anthemia
antheming
anthems,"a song of devotion or loyalty (as to a nation or school)","a song of praise (to God or to a saint or to a nation)"
anther,"the part of the stamen that contains pollen; usually borne on a stalk"
antheral,"capable of fertilizing female organs"
antherid
antherids
anthers,"the part of the stamen that contains pollen; usually borne on a stalk"
antheses
anthesis,"the time and process of budding and unfolding of blossoms"
anthill,"a mound of earth made by ants as they dig their nest"
anthills,"a mound of earth made by ants as they dig their nest"
anthodia
anthoid
anthologies
anthology,"a collection of selected literary passages"
anthraces,"a highly infectious animal disease (especially cattle and sheep); it can be transmitted to people","a disease of humans that is not communicable; caused by infection with Bacillus anthracis followed by septicemia"
anthracite,"a hard natural coal that burns slowly and gives intense heat"
anthracites,"a hard natural coal that burns slowly and gives intense heat"
anthrax,"a highly infectious animal disease (especially cattle and sheep); it can be transmitted to people","a disease of humans that is not communicable; caused by infection with Bacillus anthracis followed by septicemia"
anthropoid,"person who resembles a nonhuman primate","any member of the suborder Anthropoidea including monkeys and apes and hominids","resembling apes","resembling human beings"
anthropological,"of or concerned with the science of anthropology; "anthropological studies""
anthropologist,"a social scientist who specializes in anthropology"
anthropologists,"a social scientist who specializes in anthropology"
anthropology,"the social science that studies the origins and social relationships of human beings"
anti,"a person who is opposed (to an action or policy or practice etc.); "the antis smelled victory after a long battle"","not in favor of (an action or proposal etc.)"
antiabortion
antiacademic
antiadministration
antiaggression
antiaggressive
antiaircraft,"artillery designed to shoot upward at airplanes","designed for defense from a surface position against air attack"
antialien
antianarchic
antianarchist
antiannexation
antiapartheid,"opposing the policy of apartheid in South Africa; "an antiapartheid leader""
antiar
antiarin
antiarins
antiaristocrat
antiaristocratic
antiars
antiatheism
antiatheist
antiauthoritarian,"opposed to authoritarianism"
antibacterial,"any drug that destroys bacteria or inhibits their growth","destroying bacteria or inhibiting their growth"
antibiotic,"a chemical substance derivable from a mold or bacterium that can kill microorganisms and cure bacterial infections; "when antibiotics were first discovered they were called wonder drugs"","of or relating to antibiotic drugs"
antibiotics,"a chemical substance derivable from a mold or bacterium that can kill microorganisms and cure bacterial infections; "when antibiotics were first discovered they were called wonder drugs"","of or relating to antibiotic drugs"
antiblack,"discriminatory especially on the basis of race or religion"
antibodies
antibody,"any of a large variety of proteins normally present in the body or produced in response to an antigen which it neutralizes, thus producing an immune response"
antibourgeois
antiboxing
antiboycott
antibureaucratic
antiburglar
antiburglary
antibusiness
antic,"a ludicrous or grotesque act done for fun and amusement","act as or like a clown","ludicrously odd; "Hamlet's assumed antic disposition"; "fantastic Halloween costumes"; "a grotesque reflection in the mirror""
anticancer,"used in the treatment of cancer; "anticancer drug"; "an antineoplastic effect""
anticapitalism
anticapitalist
anticapitalistic
anticensorship
antichurch
anticigarette
anticipate,"regard something as probable or likely; "The meteorologists are expecting rain for tomorrow"","act in advance of; deal with ahead of time","realize beforehand","make a prediction about; tell in advance; "Call the outcome of an election"","be excited or anxious about","be a forerunner of or occur earlier than; "This composition anticipates Impressionism""
anticipated,"expected hopefully"
anticipates,"regard something as probable or likely; "The meteorologists are expecting rain for tomorrow"","act in advance of; deal with ahead of time","realize beforehand","make a prediction about; tell in advance; "Call the outcome of an election"","be excited or anxious about","be a forerunner of or occur earlier than; "This composition anticipates Impressionism""
anticipating
anticipation,"an expectation","something expected (as on the basis of a norm); "each of them had their own anticipations"; "an indicator of expectancy in development"","the act of predicting (as by reasoning about the future)","anticipating with confidence of fulfillment"
anticipations,"an expectation","something expected (as on the basis of a norm); "each of them had their own anticipations"; "an indicator of expectancy in development"","the act of predicting (as by reasoning about the future)","anticipating with confidence of fulfillment"
anticipatory,"in anticipation"
antick
anticked
anticking
anticks
anticlerical
anticlimactic,"of or relating to a sudden change from an impressive to a ludicrous style","coming after the climax especially of a dramatic or narrative plot; "everything after the discovery of the murderer was anticlimactic""
anticlimax,"a disappointing decline after a previous rise; "the anticlimax of a brilliant career"","a change from a serious subject to a disappointing one"
anticlimaxes
anticly
anticollision
anticolonial
anticommunism
anticommunist
anticonservation
anticonservationist
anticonsumer
anticonventional
anticorrosive
anticorruption
anticrime
anticruelty
antics,"a ludicrous or grotesque act done for fun and amusement","act as or like a clown","ludicrously odd; "Hamlet's assumed antic disposition"; "fantastic Halloween costumes"; "a grotesque reflection in the mirror""
anticultural
antidandruff
antidemocratic
antidiscrimination
antidote,"a remedy that stops or controls the effects of a poison"
antidotes,"a remedy that stops or controls the effects of a poison"
antidumping
antieavesdropping
antiemetic,"a drug that prevents or alleviates nausea and vomiting"
antiemetics,"a drug that prevents or alleviates nausea and vomiting"
antiestablishment
antievolution
antievolutionary
antifanatic
antifascism
antifascist
antifat
antifatigue
antifemale
antifeminine
antifeminism,"activity indicative of belief in the superiority of men over women"
antifeminist,"someone who does not believe in the social or economic or political equality of men and women"
antifertility,"capable of preventing conception or impregnation; "contraceptive devices and medications""
antiforeign
antiforeigner
antifraud
antifreeze,"a liquid added to the water in a cooling system to lower its freezing point"
antifreezes,"a liquid added to the water in a cooling system to lower its freezing point"
antifungus
antigambling
antigen,"any substance (as a toxin or enzyme) that stimulates an immune response in the body (especially the production of antibodies)"
antigene
antigenes
antigens,"any substance (as a toxin or enzyme) that stimulates an immune response in the body (especially the production of antibodies)"
antiglare
antigonorrheal
antigovernment
antigraft
antiguerilla
antihero,"a protagonist who lacks the characteristics that would make him a hero (or her a heroine)"
antiheroes,"a protagonist who lacks the characteristics that would make him a hero (or her a heroine)"
antihijack
antihistamine,"a medicine used to treat allergies and hypersensitive reactions and colds; works by counteracting the effects of histamine on a receptor site"
antihistamines,"a medicine used to treat allergies and hypersensitive reactions and colds; works by counteracting the effects of histamine on a receptor site"
antihomosexual
antihuman
antihumanism
antihumanistic
antihumanity
antihunting
antijamming
antiking
antikings
antilabor
antiliberal
antiliberalism
antilitter
antilittering
antilog,"the number of which a given number is the logarithm"
antilogies
antilogs,"the number of which a given number is the logarithm"
antilogy
antilynching
antimanagement
antimask
antimasks
antimaterialism
antimaterialist
antimaterialistic
antimere
antimeres
antimicrobial,"an agent (as heat or radiation or a chemical) that destroys microorganisms that might carry disease","capable of destroying or inhibiting the growth of disease-causing microorganisms"
antimilitarism
antimilitarist
antimilitaristic
antimilitary
antimiscegenation
antimonies
antimonopolist
antimonopoly,"of laws and regulations; designed to protect trade and commerce from unfair business practices"
antimony,"a metallic element having four allotropic forms; used in a wide variety of alloys; found in stibnite"
antimosquito
anting
antings
antinode,"(physics) the point of maximum displacement in a periodic system"
antinodes,"(physics) the point of maximum displacement in a periodic system"
antinoise
antinomies
antinomy,"a contradiction between two statements that seem equally reasonable"
antiobesity
antipapal
antipathies
antipathy,"a feeling of intense dislike","the object of a feeling of intense aversion; something to be avoided; "cats were his greatest antipathy""
antipersonnel,"designed to inflict death or personal injury rather than material destruction"
antiphon,"a verse or song to be chanted or sung in response"
antiphons,"a verse or song to be chanted or sung in response"
antipode,"direct opposite; "quiet: an antipode to focused busyness""
antipodes,"any two places or regions on diametrically opposite sides of the Earth; "the North Pole and the South Pole are antipodes""
antipole
antipoles
antipolice
antipollution,"intended to reduce pollution; "antipollution laws"; "antipollution devices on automobile exhaust systems""
antipope,"someone who is elected pope in opposition to another person who is held to be canonically elected; "the antipopes resided in Avignon during the Great Schism""
antipopes,"someone who is elected pope in opposition to another person who is held to be canonically elected; "the antipopes resided in Avignon during the Great Schism""
antipornographic
antipornography
antipoverty
antiprofiteering
antiprogressive
antiprostitution
antipyic
antipyics
antipyretic,"any medicine that lowers body temperature to prevent or alleviate fever","preventing or alleviating fever"
antiquarian,"an expert or collector of antiquities","of or relating to persons who study or deal in antiques or antiquities","of or relating to antiques or antiquities"
antiquarianism
antiquarians,"an expert or collector of antiquities","of or relating to persons who study or deal in antiques or antiquities","of or relating to antiques or antiquities"
antiquaries
antiquary,"an expert or collector of antiquities"
antiquated,"so extremely old as seeming to belong to an earlier period; "a ramshackle antediluvian tenement"; "antediluvian ideas"; "archaic laws""
antique,"an elderly man","any piece of furniture or decorative object or the like produced in a former period and valuable because of its beauty or rarity","shop for antiques; "We went antiquing on Saturday"","give an antique appearance to; "antique furniture"","made in or typical of earlier times and valued for its age; "the beautiful antique French furniture"","out of fashion; "a suit of rather antique appearance"; "demode (or outmoded) attire"; "outmoded ideas"","belonging to or lasting from times long ago; "age-old customs"; "the antique fear that days would dwindle away to complete darkness""
antiqued
antiquer
antiquers
antiques,"an elderly man","any piece of furniture or decorative object or the like produced in a former period and valuable because of its beauty or rarity","shop for antiques; "We went antiquing on Saturday"","give an antique appearance to; "antique furniture"","made in or typical of earlier times and valued for its age; "the beautiful antique French furniture"","out of fashion; "a suit of rather antique appearance"; "demode (or outmoded) attire"; "outmoded ideas"","belonging to or lasting from times long ago; "age-old customs"; "the antique fear that days would dwindle away to complete darkness""
antiquing
antiquities
antiquity,"the historic period preceding the Middle Ages in Europe","extreme oldness","an artifact surviving from the past"
antirabies
antiracing
antiracketeering
antiradical
antirealism
antirealistic
antirecession
antireform
antireligious
antirepublican
antirevolutionary
antirobbery
antiromantic
antirust
antirusts
antis,"a person who is opposed (to an action or policy or practice etc.); "the antis smelled victory after a long battle"","not in favor of (an action or proposal etc.)"
antisegregation
antiseptic,"a substance that destroys micro-organisms that carry disease without harming body tissues","thoroughly clean and free of or destructive to disease-causing organisms; "doctors in antiseptic green coats"; "the antiseptic effect of alcohol"; "it is said that marjoram has antiseptic qualities"","clean and honest; "antiseptic financial practices"","freeing from error or corruption; "the antiseptic effect of sturdy criticism"","devoid of objectionable language; "lyrics as antiseptic as Sunday School""
antiseptically
antiseptics,"a substance that destroys micro-organisms that carry disease without harming body tissues","thoroughly clean and free of or destructive to disease-causing organisms; "doctors in antiseptic green coats"; "the antiseptic effect of alcohol"; "it is said that marjoram has antiseptic qualities"","clean and honest; "antiseptic financial practices"","freeing from error or corruption; "the antiseptic effect of sturdy criticism"","devoid of objectionable language; "lyrics as antiseptic as Sunday School""
antisera,"blood serum containing antibodies against specific antigens; provides immunity to a disease"
antisexist
antisexual
antishoplifting
antiskid
antislavery
antismog
antismoking
antismuggling
antispending
antistrike
antistudent
antisubmarine,"defensive against enemy submarines"
antisubversion
antisubversive
antisuicide
antisyphillis
antitank,"designed for defense against armored vehicles"
antitax
antitechnological
antitechnology
antiterrorism
antiterrorist
antitheft
antitheses,"exact opposite; "his theory is the antithesis of mine"","the juxtaposition of contrasting words or ideas to give a feeling of balance"
antithesis,"exact opposite; "his theory is the antithesis of mine"","the juxtaposition of contrasting words or ideas to give a feeling of balance"
antitobacco
antitotalitarian
antitoxin,"an antibody that can neutralize a specific toxin"
antitraditional
antitrust,"of laws and regulations; designed to protect trade and commerce from unfair business practices"
antituberculosis
antitumor,"used in the treatment of cancer; "anticancer drug"; "an antineoplastic effect""
antitype,"a person or thing represented or foreshadowed by a type or symbol; especially a figure in the Old Testament having a counterpart in the New Testament","an opposite or contrasting type"
antitypes,"a person or thing represented or foreshadowed by a type or symbol; especially a figure in the Old Testament having a counterpart in the New Testament","an opposite or contrasting type"
antityphoid
antiulcer
antiunemployment
antiunion
antiuniversity
antiurban
antivandalism
antiviolence
antiviral,"any drug that destroys viruses","inhibiting or stopping the growth and reproduction of viruses"
antivivisection
antiwar
antiwhite
antiwiretapping
antiwoman
antler,"deciduous horn of a member of the deer family"
antlered,"having antlers"
antlers,"deciduous horn of a member of the deer family"
antlike
antlion,"the larva of any of several insects","winged insect resembling a dragonfly; the larvae (doodlebugs) dig conical pits where they wait to catch e.g. ants"
antlions,"the larva of any of several insects","winged insect resembling a dragonfly; the larvae (doodlebugs) dig conical pits where they wait to catch e.g. ants"
antonym,"a word that expresses a meaning opposed to the meaning of another word, in which case the two words are antonyms of each other; "to him the antonym of `gay' was `depressed'""
antonymies
antonyms,"a word that expresses a meaning opposed to the meaning of another word, in which case the two words are antonyms of each other; "to him the antonym of `gay' was `depressed'""
antonymy,"the semantic relation that holds between two words that can (in a given context) express opposite meanings"
antra,"a natural cavity or hollow in a bone"
antral
antre
antres
antrorse,"bent or curved forward or upward; "a plant having antrorse hairs on the stem""
antrum,"a natural cavity or hollow in a bone"
ants,"social insect living in organized colonies; characteristically the males and fertile queen have wings during breeding season; wingless sterile females are the workers"
anuran,"any of various tailless stout-bodied amphibians with long hind limbs for leaping; semiaquatic and terrestrial species","relating to frogs and toads"
anurans,"any of various tailless stout-bodied amphibians with long hind limbs for leaping; semiaquatic and terrestrial species","relating to frogs and toads"
anureses
anuresis,"inability to urinate"
anuretic,"of or relating to an inability to urinate"
anuria,"inability to urinate"
anurias,"inability to urinate"
anuric,"of or relating to an inability to urinate"
anurous,"not having a tail; "anurous toads and frogs""
anus,"the excretory opening at the end of the alimentary canal"
anuses
anvil,"a heavy block of iron or steel on which hot metals are shaped by hammering","the ossicle between the malleus and the stapes"
anviled
anviling
anvilled
anvilling
anvils,"a heavy block of iron or steel on which hot metals are shaped by hammering","the ossicle between the malleus and the stapes"
anviltop
anviltops
anxieties
anxiety,"(psychiatry) a relatively permanent state of worry and nervousness occurring in a variety of mental disorders, usually accompanied by compulsive behavior or attacks of panic","a vague unpleasant emotion that is experienced in anticipation of some (usually ill-defined) misfortune"
anxious,"eagerly desirous; "anxious to see the new show at the museum"; "dying to hear who won"","causing or fraught with or showing anxiety; "spent an anxious night waiting for the test results"; "cast anxious glances behind her"; "those nervous moments before takeoff"; "an unquiet mind""
anxiously,"with anxiety or apprehension; "we watched anxiously""
any,"one or some or every or all without specification; "give me any peaches you don't want"; "not any milk is left"; "any child would know that"; "pick any card"; "any day now"; "cars can be rented at almost any airport"; "at twilight or any other time"; "beyond any doubt"; "need any help we can get"; "give me whatever peaches you don't want"; "no milk whatsoever is left"","to any degree or extent; "it isn't any better""
anybodies
anybody
anyhow,"used to indicate that a statement explains or supports a previous statement; "Anyhow, he is dead now"; "I think they're asleep; anyhow, they're quiet"; "I don't know what happened to it; anyway, it's gone"; "anyway, there is another factor to consider"; "I don't know how it started; in any case, there was a brief scuffle"; "in any event, the government faced a serious protest"; "but at any rate he got a knighthood for it"","in any way whatsoever; "they came anyhow they could"; "get it done anyway you can""
anymore,"at the present or from now on; usually used with a negative; "Alice doesn't live here anymore"; "the children promised not to quarrel any more""
anyone
anyplace,"at or in or to any place; "you can find this food anywhere"; (`anyplace' is used informally for `anywhere')"
anything
anythings
anytime
anyway,"used to indicate that a statement explains or supports a previous statement; "Anyhow, he is dead now"; "I think they're asleep; anyhow, they're quiet"; "I don't know what happened to it; anyway, it's gone"; "anyway, there is another factor to consider"; "I don't know how it started; in any case, there was a brief scuffle"; "in any event, the government faced a serious protest"; "but at any rate he got a knighthood for it"","in any way whatsoever; "they came anyhow they could"; "get it done anyway you can""
anyways,"used to indicate that a statement explains or supports a previous statement; "Anyhow, he is dead now"; "I think they're asleep; anyhow, they're quiet"; "I don't know what happened to it; anyway, it's gone"; "anyway, there is another factor to consider"; "I don't know how it started; in any case, there was a brief scuffle"; "in any event, the government faced a serious protest"; "but at any rate he got a knighthood for it""
anywhere,"at or in or to any place; "you can find this food anywhere"; (`anyplace' is used informally for `anywhere')"
anywheres,"at or in or to any place; "you can find this food anywhere"; (`anyplace' is used informally for `anywhere')"
anywise
