emaciate,"cause to grow thin or weak; "The treatment emaciated him"","grow weak and thin or waste away physically; "She emaciated during the chemotherapy""
emaciated,"very thin especially from disease or hunger or cold; "emaciated bony hands"; "a nightmare population of gaunt men and skeletal boys"; "eyes were haggard and cavernous"; "small pinched faces"; "kept life in his wasted frame only by grim concentration""
emaciates,"cause to grow thin or weak; "The treatment emaciated him"","grow weak and thin or waste away physically; "She emaciated during the chemotherapy""
emaciating
emaciation,"extreme leanness (usually caused by starvation or disease)"
emaciations,"extreme leanness (usually caused by starvation or disease)"
emanate,"proceed or issue forth, as from a source; "Water emanates from this hole in the ground"","give out (breath or an odor); "The chimney exhales a thick smoke""
emanated
emanates,"proceed or issue forth, as from a source; "Water emanates from this hole in the ground"","give out (breath or an odor); "The chimney exhales a thick smoke""
emanating
emanation,"something that is emitted or radiated (as a gas or an odor or a light, etc.)","the act of emitting; causing to flow forth","(theology) the origination of the Holy Spirit at Pentecost; "the emanation of the Holy Spirit"; "the rising of the Holy Ghost"; "the doctrine of the procession of the Holy Spirit from the Father and the Son""
emanations,"something that is emitted or radiated (as a gas or an odor or a light, etc.)","the act of emitting; causing to flow forth","(theology) the origination of the Holy Spirit at Pentecost; "the emanation of the Holy Spirit"; "the rising of the Holy Ghost"; "the doctrine of the procession of the Holy Spirit from the Father and the Son""
emanator
emanators
emancipatation
emancipatations
emancipate,"give equal rights to; of women and minorities","free from slavery or servitude"
emancipated,"free from traditional social restraints; "an emancipated young woman pursuing her career"; "a liberated lifestyle""
emancipates,"give equal rights to; of women and minorities","free from slavery or servitude"
emancipating
emancipation,"freeing someone from the control of another; especially a parent's relinquishing authority and control over a minor child"
emancipations,"freeing someone from the control of another; especially a parent's relinquishing authority and control over a minor child"
emasculatation
emasculatations
emasculate,"deprive of strength or vigor; "The Senate emasculated the law"","remove the testicles of a male animal","having unsuitable feminine qualities"
emasculated,"(of a male animal) having the testicles removed; "a cut horse""
emasculates,"deprive of strength or vigor; "The Senate emasculated the law"","remove the testicles of a male animal","having unsuitable feminine qualities"
emasculating
embalm,"preserve a dead body"
embalmed
embalmer,"a mortician who treats corpses with preservatives"
embalmers,"a mortician who treats corpses with preservatives"
embalming
embalms,"preserve a dead body"
embank,"enclose with banks, as for support or protection; "The river was embanked with a dyke""
embanked
embanking
embankment,"a long artificial mound of stone or earth; built to hold back water or to support a road or as protection"
embankments,"a long artificial mound of stone or earth; built to hold back water or to support a road or as protection"
embanks,"enclose with banks, as for support or protection; "The river was embanked with a dyke""
embar
embargo,"a government order imposing a trade barrier","ban the publication of (documents), as for security or copyright reasons; "embargoed publications"","prevent commerce; "The U.S. embargoes Libya""
embargoed
embargoing
embargos,"a government order imposing a trade barrier","ban the publication of (documents), as for security or copyright reasons; "embargoed publications"","prevent commerce; "The U.S. embargoes Libya""
embark,"go on board","set out on (an enterprise or subject of study); "she embarked upon a new career"","proceed somewhere despite the risk of possible dangers; "We ventured into the world of high-tech and bought a supercomputer""
embarkation,"the act of passengers and crew getting aboard a ship or aircraft"
embarkations,"the act of passengers and crew getting aboard a ship or aircraft"
embarked
embarking
embarks,"go on board","set out on (an enterprise or subject of study); "she embarked upon a new career"","proceed somewhere despite the risk of possible dangers; "We ventured into the world of high-tech and bought a supercomputer""
embarrass,"cause to be embarrassed; cause to feel self-conscious","hinder or prevent the progress or accomplishment of; "His brother blocked him at every turn""
embarrassed,"feeling or caused to feel uneasy and self-conscious; "felt abashed at the extravagant praise"; "chagrined at the poor sales of his book"; "was embarrassed by her child's tantrums"","made to feel uncomfortable because of shame or wounded pride; "too embarrassed to say hello to his drunken father on the street"; "humiliated that his wife had to go out to work"; "felt mortified by the comparison with her sister""
embarrasses
embarrassing,"hard to deal with; especially causing pain or embarrassment; "awkward (or embarrassing or difficult) moments in the discussion"; "an awkward pause followed his remark"; "a sticky question"; "in the unenviable position of resorting to an act he had planned to save for the climax of the campaign"","causing to feel shame or chagrin or vexation; "the embarrassing moment when she found her petticoat down around her ankles"; "it was mortifying to know he had heard every word""
embarrassment,"the shame you feel when your inadequacy or guilt is made public","the state of being embarrassed (usually by some financial inadequacy); "he is currently suffering financial embarrassments"","some event that causes someone to be embarrassed; "the outcome of the vote was an embarrassment for the liberals"","extreme excess; "an embarrassment of riches""
embarrassments,"the shame you feel when your inadequacy or guilt is made public","the state of being embarrassed (usually by some financial inadequacy); "he is currently suffering financial embarrassments"","some event that causes someone to be embarrassed; "the outcome of the vote was an embarrassment for the liberals"","extreme excess; "an embarrassment of riches""
embarred
embarring
embars
embassies
embassy,"a diplomatic building where ambassadors live or work","an ambassador and his entourage collectively"
embattle,"fortify by furnishing with battlements for defense; "an embattled castle"","prepare for battle or conflict"
embattled,"prepared for battle; "an embattled city"","having or resembling repeated square indentations like those in a battlement; "a crenelated molding""
embattles,"fortify by furnishing with battlements for defense; "an embattled castle"","prepare for battle or conflict"
embattling
embay
embayed
embaying
embays
embed,"fix or set securely or deeply; "He planted a knee in the back of his opponent"; "The dentist implanted a tooth in the gum"","attach to, as a journalist to a military unit when reporting on a war; "The young reporter was embedded with the Third Division""
embedded,"fix or set securely or deeply; "He planted a knee in the back of his opponent"; "The dentist implanted a tooth in the gum"","attach to, as a journalist to a military unit when reporting on a war; "The young reporter was embedded with the Third Division"","enclosed firmly in a surrounding mass; "found pebbles embedded in the silt"; "stone containing many embedded fossils"; "peach and plum seeds embedded in a sweet edible pulp"","inserted as an integral part of a surrounding whole; "confused by the embedded Latin quotations"; "an embedded subordinate clause""
embedding,"fix or set securely or deeply; "He planted a knee in the back of his opponent"; "The dentist implanted a tooth in the gum"","attach to, as a journalist to a military unit when reporting on a war; "The young reporter was embedded with the Third Division""
embeds,"fix or set securely or deeply; "He planted a knee in the back of his opponent"; "The dentist implanted a tooth in the gum"","attach to, as a journalist to a military unit when reporting on a war; "The young reporter was embedded with the Third Division""
embellish,"add details to","be beautiful to look at; "Flowers adorned the tables everywhere"","make more attractive by adding ornament, colour, etc.; "Decorate the room for the party"; "beautify yourself for the special day"","make more beautiful"
embellished
embellishes
embellishing
embellishment,"elaboration of an interpretation by the use of decorative (sometimes fictitious) detail; "the mystery has been heightened by many embellishments in subsequent retellings"","a superfluous ornament","the act of adding extraneous decorations to something"
embellishments,"elaboration of an interpretation by the use of decorative (sometimes fictitious) detail; "the mystery has been heightened by many embellishments in subsequent retellings"","a superfluous ornament","the act of adding extraneous decorations to something"
ember,"a hot fragment of wood or coal that is left from a fire and is glowing or smoldering"
embers,"a hot fragment of wood or coal that is left from a fire and is glowing or smoldering"
embezzle,"appropriate (as property entrusted to one's care) fraudulently to one's own use; "The accountant embezzled thousands of dollars while working for the wealthy family""
embezzled,"taken for your own use in violation of a trust; "the banker absconded with embezzled funds""
embezzlement,"the fraudulent appropriation of funds or property entrusted to your care but actually owned by someone else"
embezzlements,"the fraudulent appropriation of funds or property entrusted to your care but actually owned by someone else"
embezzler,"someone who violates a trust by taking (money) for his own use"
embezzlers,"someone who violates a trust by taking (money) for his own use"
embezzles,"appropriate (as property entrusted to one's care) fraudulently to one's own use; "The accountant embezzled thousands of dollars while working for the wealthy family""
embezzling
embitter,"cause to be bitter or resentful; "These injustices embittered her even more""
embittered
embittering
embitters,"cause to be bitter or resentful; "These injustices embittered her even more""
emblaze
emblazed
emblazer
emblazers
emblazes
emblazing
emblazon,"decorate with colors; "color the walls with paint in warm tones"","decorate with heraldic arms"
emblazoned
emblazoning
emblazons,"decorate with colors; "color the walls with paint in warm tones"","decorate with heraldic arms"
emblem,"special design or visual object representing a quality, type, group, etc.","a visible symbol representing an abstract idea"
emblematic,"serving as a visible symbol for something abstract; "a crown is emblematic of royalty"; "the spinning wheel was as symbolic of colonical Massachusetts as the codfish"","being or serving as an illustration of a type; "the free discussion that is emblematic of democracy"; "an action exemplary of his conduct";"
emblemed
embleming
emblems,"special design or visual object representing a quality, type, group, etc.","a visible symbol representing an abstract idea"
embodied,"represent in bodily form; "He embodies all that is evil wrong with the system"; "The painting substantiates the feelings of the artist"","represent, as of a character on stage; "Derek Jacobi was Hamlet"","represent or express something abstract in tangible form; "This painting embodies the feelings of the Romantic period"","possessing or existing in bodily form; "what seemed corporal melted as breath into the wind"- Shakespeare; "an incarnate spirit"; "`corporate' is an archaic term""
embodier
embodiers
embodies
embodiment,"a new personification of a familiar idea; "the embodiment of hope"; "the incarnation of evil"; "the very avatar of cunning"","a concrete representation of an otherwise nebulous concept; "a circle was the embodiment of his concept of life"","giving concrete form to an abstract concept"
embodiments,"a new personification of a familiar idea; "the embodiment of hope"; "the incarnation of evil"; "the very avatar of cunning"","a concrete representation of an otherwise nebulous concept; "a circle was the embodiment of his concept of life"","giving concrete form to an abstract concept"
embody,"represent in bodily form; "He embodies all that is evil wrong with the system"; "The painting substantiates the feelings of the artist"","represent, as of a character on stage; "Derek Jacobi was Hamlet"","represent or express something abstract in tangible form; "This painting embodies the feelings of the Romantic period""
embodying
embolden,"give encouragement to"
emboldened,"made bold or courageous"
emboldening
emboldens,"give encouragement to"
emboli,"an abnormal particle (e.g. an air bubble or part of a clot) circulating in the blood"
embolic,"of or relating to an embolism or embolus"
embolies
embolism,"an insertion into a calendar","occlusion of a blood vessel by an embolus (a loose clot or air bubble or other particle)"
embolisms,"an insertion into a calendar","occlusion of a blood vessel by an embolus (a loose clot or air bubble or other particle)"
embolus,"an abnormal particle (e.g. an air bubble or part of a clot) circulating in the blood"
emboly
emborder
embordered
embordering
emborders
embosk
embosked
embosking
embosks
embosom
embosomed
embosoming
embosoms
emboss,"raise in a relief; "embossed stationery""
embossed,"embellished with a raised pattern created by pressure or embroidery; "brocaded silk"; "an embossed satin"; "embossed leather"; "raised needlework"; "raised metalwork""
embosser
embossers
embosses
embossing
embow
embowed
embowel
emboweled
emboweling
embowelled
embowelling
embowels
embower,"enclose in a bower"
embowered
embowering
embowers,"enclose in a bower"
embowing
embows
embrace,"the act of clasping another person in the arms (as in greeting or affection)","the state of taking in or encircling; "an island in the embrace of the sea"","a close affectionate and protective acceptance; "his willing embrace of new ideas"; "in the bosom of the family"","include in scope; include as part of something broader; have as one's sphere or territory; "This group encompasses a wide range of people from different backgrounds"; "this should cover everyone in the group"","squeeze (someone) tightly in your arms, usually with fondness; "Hug me, please"; "They embraced"; "He hugged her close to him"","take up the cause, ideology, practice, method, of someone and use it as one's own; "She embraced Catholicism"; "They adopted the Jewish faith""
embraced
embracer
embracers
embraces,"the act of clasping another person in the arms (as in greeting or affection)","the state of taking in or encircling; "an island in the embrace of the sea"","a close affectionate and protective acceptance; "his willing embrace of new ideas"; "in the bosom of the family"","include in scope; include as part of something broader; have as one's sphere or territory; "This group encompasses a wide range of people from different backgrounds"; "this should cover everyone in the group"","squeeze (someone) tightly in your arms, usually with fondness; "Hug me, please"; "They embraced"; "He hugged her close to him"","take up the cause, ideology, practice, method, of someone and use it as one's own; "She embraced Catholicism"; "They adopted the Jewish faith""
embracing,"the act of clasping another person in the arms (as in greeting or affection)"
embroider,"decorate with needlework","add details to"
embroidered
embroidering
embroiders,"decorate with needlework","add details to"
embroil,"force into some kind of situation, condition, or course of action; "They were swept up by the events"; "don't drag me into this business""
embroiled,"deeply involved especially in something complicated; "embroiled in the conflict"; "felt unwilling entangled in their affairs""
embroiling
embroils,"force into some kind of situation, condition, or course of action; "They were swept up by the events"; "don't drag me into this business""
embrown,"cause to darken","make brown in color; "the draught browned the leaves on the trees in the yard""
embrowned
embrowning
embrowns,"cause to darken","make brown in color; "the draught browned the leaves on the trees in the yard""
embrue
embrued
embrues
embruing
embrute
embruted
embrutes
embruting
embryo,"(botany) a minute rudimentary plant contained within a seed or an archegonium","an animal organism in the early stages of growth and differentiation that in higher forms merge into fetal stages but in lower forms terminate in commencement of larval life"
embryoid
embryon
embryonic,"of an organism prior to birth or hatching; "in the embryonic stage"; "embryologic development"","in an early stage of development; "the embryonic government staffed by survivors of the massacre"; "an embryonic nation, not yet self-governing""
embryons
embryos,"(botany) a minute rudimentary plant contained within a seed or an archegonium","an animal organism in the early stages of growth and differentiation that in higher forms merge into fetal stages but in lower forms terminate in commencement of larval life"
emcee,"a person who acts as host at formal occasions (makes an introductory speech and introduces other speakers)","act as a master of ceremonies"
emceed
emcees,"a person who acts as host at formal occasions (makes an introductory speech and introduces other speakers)","act as a master of ceremonies"
emceing
eme
emeer,"an independent ruler or chieftain (especially in Africa or Arabia)"
emeerate
emeerates
emeers,"an independent ruler or chieftain (especially in Africa or Arabia)"
emend,"make improvements or corrections to; "the text was emended in the second edition""
emendate
emendated
emendates
emendating
emendation,"a correction by emending; a correction resulting from critical editing"
emendations,"a correction by emending; a correction resulting from critical editing"
emended,"improved or corrected by critical editing; "the emended text""
emender
emenders
emending
emends,"make improvements or corrections to; "the text was emended in the second edition""
emerald,"a green transparent form of beryl; highly valued as a gemstone","a transparent piece of emerald that has been cut and polished and is valued as a precious gem","the green color of an emerald"
emeralds,"a green transparent form of beryl; highly valued as a gemstone","a transparent piece of emerald that has been cut and polished and is valued as a precious gem","the green color of an emerald"
emerge,"come out into view, as from concealment; "Suddenly, the proprietor emerged from his office"","come out of; "Water issued from the hole in the wall"; "The words seemed to come out by themselves"","become known or apparent; "Some nice results emerged from the study"","come up to the surface of or rise; "He felt new emotions emerge"","happen or occur as a result of something"
emerged
emergence,"the gradual beginning or coming forth; "figurines presage the emergence of sculpture in Greece"","the becoming visible; "not a day's difference between the emergence of the andrenas and the opening of the willow catkins"","the act of emerging","the act of coming (or going) out; becoming apparent"
emergences,"the gradual beginning or coming forth; "figurines presage the emergence of sculpture in Greece"","the becoming visible; "not a day's difference between the emergence of the andrenas and the opening of the willow catkins"","the act of emerging","the act of coming (or going) out; becoming apparent"
emergencies
emergency,"a sudden unforeseen crisis (usually involving danger) that requires immediate action; "he never knew what to do in an emergency"","a state in which martial law applies; "the governor declared a state of emergency"","a brake operated by hand; usually operates by mechanical linkage"
emergent,"occurring unexpectedly and requiring urgent action; "emergent repair of an aorta"","coming into existence; "an emergent republic""
emergents,"occurring unexpectedly and requiring urgent action; "emergent repair of an aorta"","coming into existence; "an emergent republic""
emerges,"come out into view, as from concealment; "Suddenly, the proprietor emerged from his office"","come out of; "Water issued from the hole in the wall"; "The words seemed to come out by themselves"","become known or apparent; "Some nice results emerged from the study"","come up to the surface of or rise; "He felt new emotions emerge"","happen or occur as a result of something"
emerging,"coming to maturity; "the rising generation"","coming into existence; "an emergent republic""
emeries
emerita
emeriti
emeritus,"a professor or minister who is retired from assigned duties","honorably retired from assigned duties and retaining your title along with the additional title `emeritus' as in `professor emeritus'"
emerod
emerods
emeroid
emeroids
emersed
emersion,"(astronomy) the reappearance of a celestial body after an eclipse","the act of emerging"
emersions,"(astronomy) the reappearance of a celestial body after an eclipse","the act of emerging"
emery,"a hard grey-black mineral consisting of corundum and either hematite or magnetite; used as an abrasive (especially as a coating on paper)"
emes
emeses
emesis,"the reflex act of ejecting the contents of the stomach through the mouth"
emetic,"a medicine that induces nausea and vomiting"
emetics,"a medicine that induces nausea and vomiting"
emetin
emetine
emetines
emetins
emeu
emeus
emeute
emeutes
emigrant,"someone who leaves one country to settle in another"
emigrants,"someone who leaves one country to settle in another"
emigrate,"leave one's country of residence for a new one; "Many people had to emigrate during the Nazi period""
emigrated
emigrates,"leave one's country of residence for a new one; "Many people had to emigrate during the Nazi period""
emigrating
emigration,"migration from a place (especially migration from your native country in order to settle in another)"
emigrations,"migration from a place (especially migration from your native country in order to settle in another)"
emigre,"someone who leaves one country to settle in another"
emigres,"someone who leaves one country to settle in another"
eminence,"high status importance owing to marked superiority; "a scholar of great eminence"","a protuberance on a bone especially for attachment of a muscle or ligament"
eminences,"high status importance owing to marked superiority; "a scholar of great eminence"","a protuberance on a bone especially for attachment of a muscle or ligament"
eminencies
eminency
eminent,"standing above others in quality or position; "people in high places"; "the high priest"; "eminent members of the community"","of imposing height; especially standing out above others; "an eminent peak"; "lofty mountains"; "the soaring spires of the cathedral"; "towering icebergs""
eminently,"in an eminent manner; "two subjects on which he was eminently qualified to make an original contribution""
emir,"an independent ruler or chieftain (especially in Africa or Arabia)"
emirate,"the domain controlled by an emir","the office of an emir"
emirates,"the domain controlled by an emir","the office of an emir"
emirs,"an independent ruler or chieftain (especially in Africa or Arabia)"
emissaries
emissary,"someone sent on a mission to represent the interests of someone else"
emission,"the act of emitting; causing to flow forth","a substance that is emitted or released","the release of electrons from parent atoms","any of several bodily processes by which substances go out of the body; "the discharge of pus"","the occurrence of a flow of water (as from a pipe)"
emissions,"the act of emitting; causing to flow forth","a substance that is emitted or released","the release of electrons from parent atoms","any of several bodily processes by which substances go out of the body; "the discharge of pus"","the occurrence of a flow of water (as from a pipe)"
emissive
emit,"expel (gases or odors)","give off, send forth, or discharge; as of light, heat, or radiation, vapor, etc.; "The ozone layer blocks some harmful rays which the sun emits"","express audibly; utter sounds (not necessarily words); "She let out a big heavy sigh"; "He uttered strange sounds that nobody could understand""
emits,"expel (gases or odors)","give off, send forth, or discharge; as of light, heat, or radiation, vapor, etc.; "The ozone layer blocks some harmful rays which the sun emits"","express audibly; utter sounds (not necessarily words); "She let out a big heavy sigh"; "He uttered strange sounds that nobody could understand""
emitted,"expel (gases or odors)","give off, send forth, or discharge; as of light, heat, or radiation, vapor, etc.; "The ozone layer blocks some harmful rays which the sun emits"","express audibly; utter sounds (not necessarily words); "She let out a big heavy sigh"; "He uttered strange sounds that nobody could understand""
emitter,"the electrode in a transistor where electrons originate"
emitters,"the electrode in a transistor where electrons originate"
emitting,"expel (gases or odors)","give off, send forth, or discharge; as of light, heat, or radiation, vapor, etc.; "The ozone layer blocks some harmful rays which the sun emits"","express audibly; utter sounds (not necessarily words); "She let out a big heavy sigh"; "He uttered strange sounds that nobody could understand""
emmer,"hard red wheat grown especially in Russia and Germany; in United States as stock feed"
emmers,"hard red wheat grown especially in Russia and Germany; in United States as stock feed"
emmet,"social insect living in organized colonies; characteristically the males and fertile queen have wings during breeding season; wingless sterile females are the workers"
emmets,"social insect living in organized colonies; characteristically the males and fertile queen have wings during breeding season; wingless sterile females are the workers"
emodin
emodins
emolument,"compensation received by virtue of holding an office or having employment (usually in the form of wages or fees); "a clause in the U.S. constitution prevents sitting legislators from receiving emoluments from their own votes""
emoluments,"compensation received by virtue of holding an office or having employment (usually in the form of wages or fees); "a clause in the U.S. constitution prevents sitting legislators from receiving emoluments from their own votes""
emote,"give expression or emotion to, in a stage or movie role"
emoted
emoter
emoters
emotes,"give expression or emotion to, in a stage or movie role"
emoting
emotion,"any strong feeling"
emotional,"determined or actuated by emotion rather than reason; "it was an emotional judgment"","of more than usual emotion; "his behavior was highly emotional"","of or pertaining to emotion; "emotional health"; "an emotional crisis"","(of persons) excessively affected by emotion; "he would become emotional over nothing at all"; "she was worked up about all the noise""
emotionally,"in an emotional manner; "at the funeral he spoke emotionally"","with regard to emotions; "emotionally secure""
emotions,"any strong feeling"
emotive,"characterized by emotion"
empale,"pierce with a sharp stake or point; "impale a shrimp on a skewer""
empaled
empaler
empalers
empales,"pierce with a sharp stake or point; "impale a shrimp on a skewer""
empaling
empanel,"enter into a list of prospective jurors","select from a list; "empanel prospective jurors""
empaneled
empaneling
empanelled,"enter into a list of prospective jurors","select from a list; "empanel prospective jurors""
empanelling,"enter into a list of prospective jurors","select from a list; "empanel prospective jurors""
empanels,"enter into a list of prospective jurors","select from a list; "empanel prospective jurors""
empathic,"showing empathy or ready comprehension of others' states; "a sensitive and empathetic school counselor""
empathies
empathy,"understanding and entering into another's feelings"
emperies
emperor,"the male ruler of an empire","red table grape of California","large moth of temperate forests of Eurasia having heavily scaled transparent wings","large richly colored butterfly"
emperors,"the male ruler of an empire","red table grape of California","large moth of temperate forests of Eurasia having heavily scaled transparent wings","large richly colored butterfly"
empery
emphases,"special importance or significance; "the red light gave the central figure increased emphasis"; "the room was decorated in shades of grey with distinctive red accents"","intensity or forcefulness of expression; "the vehemence of his denial"; "his emphasis on civil rights"","special and significant stress by means of position or repetition e.g.","the relative prominence of a syllable or musical note (especially with regard to stress or pitch); "he put the stress on the wrong syllable""
emphasis,"special importance or significance; "the red light gave the central figure increased emphasis"; "the room was decorated in shades of grey with distinctive red accents"","intensity or forcefulness of expression; "the vehemence of his denial"; "his emphasis on civil rights"","special and significant stress by means of position or repetition e.g.","the relative prominence of a syllable or musical note (especially with regard to stress or pitch); "he put the stress on the wrong syllable""
emphasize,"to stress, single out as important; "Dr. Jones emphasizes exercise in addition to a change in diet"","give extra weight to (a communication); "Her gesture emphasized her words""
emphasized,"spoken with emphasis; "an emphatic word""
emphasizes,"to stress, single out as important; "Dr. Jones emphasizes exercise in addition to a change in diet"","give extra weight to (a communication); "Her gesture emphasized her words""
emphasizing,"the act of giving special importance or significance to something"
emphatic,"spoken with emphasis; "an emphatic word"","sudden and strong; "an emphatic no"","forceful and definite in expression or action; "the document contained a particularly emphatic guarantee of religious liberty""
emphatically,"without question and beyond doubt; "it was decidedly too expensive"; "she told him off in spades"; "by all odds they should win""
emphysema,"an abnormal condition of the lungs marked by decreased respiratory function; associated with smoking or chronic bronchitis or old age"
emphysemas,"an abnormal condition of the lungs marked by decreased respiratory function; associated with smoking or chronic bronchitis or old age"
empire,"the domain ruled by an emperor or empress; the region over which imperial dominion is exercised","a group of countries under a single authority; "the British created a great empire"","a monarchy with an emperor as head of state","a group of diverse companies under common ownership and run as a single organization","an eating apple that somewhat resembles a McIntosh; used as both an eating and a cooking apple"
empires,"the domain ruled by an emperor or empress; the region over which imperial dominion is exercised","a group of countries under a single authority; "the British created a great empire"","a monarchy with an emperor as head of state","a group of diverse companies under common ownership and run as a single organization","an eating apple that somewhat resembles a McIntosh; used as both an eating and a cooking apple"
empiric,"relying on medical quackery; "empiric treatment"","derived from experiment and observation rather than theory; "an empirical basis for an ethical theory"; "empirical laws"; "empirical data"; "an empirical treatment of a disease about which little is known""
empirical,"derived from experiment and observation rather than theory; "an empirical basis for an ethical theory"; "empirical laws"; "empirical data"; "an empirical treatment of a disease about which little is known"","relying on medical quackery; "empiric treatment""
empirically,"in an empirical manner; "this can be empirically tested""
empirics,"relying on medical quackery; "empiric treatment"","derived from experiment and observation rather than theory; "an empirical basis for an ethical theory"; "empirical laws"; "empirical data"; "an empirical treatment of a disease about which little is known""
emplace,"provide a new emplacement for guns","put into place or position; "the box with the ancestors' ashes was emplaced on the top shelf of the house altar""
emplaced
emplaces,"provide a new emplacement for guns","put into place or position; "the box with the ancestors' ashes was emplaced on the top shelf of the house altar""
emplacing
emplane,"board a plane"
emplaned
emplanes,"board a plane"
emplaning
employ,"the state of being employed or having a job; "they are looking for employment"; "he was in the employ of the city"","put into service; make work or employ for a particular purpose or for its inherent or natural purpose; "use your head!"; "we only use Spanish at home"; "I can't use this tool"; "Apply a magnetic field here"; "This thinking was applied to many projects"; "How do you utilize this tool?"; "I apply this rule to get good results"; "use the plastic bags to store the food"; "He doesn't know how to use a computer"","engage or hire for work; "They hired two new secretaries in the department"; "How many people has she employed?""
employe
employed,"having your services engaged for; or having a job especially one that pays wages or a salary; "most of our graduates are employed"","put to use"
employee,"a worker who is hired to perform a job"
employees,"a worker who is hired to perform a job"
employer,"a person or firm that employs workers"
employers,"a person or firm that employs workers"
employes
employing
employment,"the state of being employed or having a job; "they are looking for employment"; "he was in the employ of the city"","the occupation for which you are paid; "he is looking for employment"; "a lot of people are out of work"","the act of giving someone a job","the act of using; "he warned against the use of narcotic drugs"; "skilled in the utilization of computers""
employments,"the state of being employed or having a job; "they are looking for employment"; "he was in the employ of the city"","the occupation for which you are paid; "he is looking for employment"; "a lot of people are out of work"","the act of giving someone a job","the act of using; "he warned against the use of narcotic drugs"; "skilled in the utilization of computers""
employs,"the state of being employed or having a job; "they are looking for employment"; "he was in the employ of the city"","put into service; make work or employ for a particular purpose or for its inherent or natural purpose; "use your head!"; "we only use Spanish at home"; "I can't use this tool"; "Apply a magnetic field here"; "This thinking was applied to many projects"; "How do you utilize this tool?"; "I apply this rule to get good results"; "use the plastic bags to store the food"; "He doesn't know how to use a computer"","engage or hire for work; "They hired two new secretaries in the department"; "How many people has she employed?""
empoison
empoisoned
empoisoning
empoisons
emporia,"a large retail store organized into departments offering a variety of merchandise; commonly part of a retail chain"
emporium,"a large retail store organized into departments offering a variety of merchandise; commonly part of a retail chain"
emporiums,"a large retail store organized into departments offering a variety of merchandise; commonly part of a retail chain"
empower,"give or delegate power or authority to; "She authorized her assistant to sign the papers"","give qualities or abilities to"
empowered,"invested with legal power or official authority especially as symbolized by having a scepter"
empowering
empowers,"give or delegate power or authority to; "She authorized her assistant to sign the papers"","give qualities or abilities to"
empress,"a woman emperor or the wife of an emperor"
empresses
emprise
emprises
emprize
emprizes
emptied,"make void or empty of contents; "Empty the box"; "The alarm emptied the building"","become empty or void of its content; "The room emptied"","leave behind empty; move out of; "You must vacate your office by tonight"","remove; "Empty the water"","excrete or discharge from the body"
emptier,"holding or containing nothing; "an empty glass"; "an empty room"; "full of empty seats"; "empty hours"","devoid of significance or point; "empty promises"; "a hollow victory"; "vacuous comments"","needing nourishment; "after skipped lunch the men were empty by suppertime"; "empty-bellied children"","emptied of emotion; "after the violent argument he felt empty""
emptiers,"holding or containing nothing; "an empty glass"; "an empty room"; "full of empty seats"; "empty hours"","devoid of significance or point; "empty promises"; "a hollow victory"; "vacuous comments"","needing nourishment; "after skipped lunch the men were empty by suppertime"; "empty-bellied children"","emptied of emotion; "after the violent argument he felt empty""
empties
emptiest,"holding or containing nothing; "an empty glass"; "an empty room"; "full of empty seats"; "empty hours"","devoid of significance or point; "empty promises"; "a hollow victory"; "vacuous comments"","needing nourishment; "after skipped lunch the men were empty by suppertime"; "empty-bellied children"","emptied of emotion; "after the violent argument he felt empty""
emptily
emptiness,"the state of containing nothing","having an empty stomach","an empty area or space; "the huge desert voids"; "the emptiness of outer space"; "without their support he'll be ruling in a vacuum"","the quality of being valueless or futile; "he rejected the vanities of the world""
emptinesses
emptings
emptins
empty,"a container that has been emptied; "return all empties to the store"","make void or empty of contents; "Empty the box"; "The alarm emptied the building"","become empty or void of its content; "The room emptied"","leave behind empty; move out of; "You must vacate your office by tonight"","remove; "Empty the water"","excrete or discharge from the body","holding or containing nothing; "an empty glass"; "an empty room"; "full of empty seats"; "empty hours"","devoid of significance or point; "empty promises"; "a hollow victory"; "vacuous comments"","needing nourishment; "after skipped lunch the men were empty by suppertime"; "empty-bellied children"","emptied of emotion; "after the violent argument he felt empty""
emptying,"the act of removing the contents of something"
empurple,"color purple"
empurpled,"excessively elaborate or showily expressed; "a writer of empurpled literature"; "many purple passages"; "an over-embellished story of the fish that got away""
empurples,"color purple"
empurpling
empyema,"a collection of pus in a body cavity (especially in the lung cavity)"
empyemas,"a collection of pus in a body cavity (especially in the lung cavity)"
empyemata
empyemic
empyreal,"of or relating to the sky or heavens; "the empyrean sphere"","inspiring awe; "well-meaning ineptitude that rises to empyreal absurdity"- M.S.Dworkin; "empyrean aplomb"- Hamilton Basso; "the sublime beauty of the night""
empyrean,"the apparent surface of the imaginary sphere on which celestial bodies appear to be projected","of or relating to the sky or heavens; "the empyrean sphere"","inspiring awe; "well-meaning ineptitude that rises to empyreal absurdity"- M.S.Dworkin; "empyrean aplomb"- Hamilton Basso; "the sublime beauty of the night""
empyreans,"the apparent surface of the imaginary sphere on which celestial bodies appear to be projected","of or relating to the sky or heavens; "the empyrean sphere"","inspiring awe; "well-meaning ineptitude that rises to empyreal absurdity"- M.S.Dworkin; "empyrean aplomb"- Hamilton Basso; "the sublime beauty of the night""
ems,"a quad with a square body; "since `em quad' is hard to distinguish from `en quad', printers sometimes called it a `mutton quad'"","a linear unit (1/6 inch) used in printing"
emu,"any of various systems of units for measuring electricity and magnetism","large Australian flightless bird similar to the ostrich but smaller"
emulate,"strive to equal or match, especially by imitating; "He is emulating the skating skills of his older sister"","imitate the function of (another system), as by modifying the hardware or the software","compete with successfully; approach or reach equality with; "This artist's drawings cannot emulate his water colors""
emulated
emulates,"strive to equal or match, especially by imitating; "He is emulating the skating skills of his older sister"","imitate the function of (another system), as by modifying the hardware or the software","compete with successfully; approach or reach equality with; "This artist's drawings cannot emulate his water colors""
emulating
emulation,"ambition to equal or excel","(computer science) technique of one machine obtaining the same results as another","effort to equal or surpass another"
emulations,"ambition to equal or excel","(computer science) technique of one machine obtaining the same results as another","effort to equal or surpass another"
emulator,"someone who copies the words or behavior of another"
emulators,"someone who copies the words or behavior of another"
emulous,"characterized by or arising from emulation or imitation","eager to surpass others"
emulsification
emulsifications
emulsified,"cause to become an emulsion; make into an emulsion","form into or become an emulsion; "The solution emulsified""
emulsifier,"a surface-active agent that promotes the formation of an emulsion"
emulsifiers,"a surface-active agent that promotes the formation of an emulsion"
emulsifies
emulsify,"cause to become an emulsion; make into an emulsion","form into or become an emulsion; "The solution emulsified""
emulsifying
emulsion,"(chemistry) a colloid in which both phases are liquids; "an oil-in-water emulsion"","a light-sensitive coating on paper or film; consists of fine grains of silver bromide suspended in a gelatin"
emulsions,"(chemistry) a colloid in which both phases are liquids; "an oil-in-water emulsion"","a light-sensitive coating on paper or film; consists of fine grains of silver bromide suspended in a gelatin"
emulsive
emulsoid
emulsoids
emus,"any of various systems of units for measuring electricity and magnetism","large Australian flightless bird similar to the ostrich but smaller"
emyd
emyde
emydes
emyds
