pub,"tavern consisting of a building with a bar and public rooms; often provides light meals"
puberal
pubertal,"of or related to puberty"
puberties
puberty,"the time of life when sex glands become functional"
pubes,"the lower part of the abdomen just above the external genital organs"
pubic,"relating or near the pubis; "pubic bones"; "pubic hair""
pubis,"one of the three sections of the hipbone; together these two bones form the front of the pelvis"
public,"people in general considered as a whole; "he is a hero in the eyes of the public"","a body of people sharing some common interest; "the reading public"","not private; open to or concerning the people as a whole; "the public good"; "public libraries"; "public funds"; "public parks"; "a public scandal"; "public gardens"; "performers and members of royal families are public figures"","affecting the people or community as a whole; "community leaders"; "community interests"; "the public welfare""
publican,"the keeper of a public house"
publicans,"the keeper of a public house"
publication,"a copy of a printed work offered for distribution","the act of issuing printed materials","the communication of something to the public; making information generally known","the business of issuing printed matter for sale or distribution"
publications,"a copy of a printed work offered for distribution","the act of issuing printed materials","the communication of something to the public; making information generally known","the business of issuing printed matter for sale or distribution"
publicist,"someone who publicizes"
publicists,"someone who publicizes"
publicities
publicity,"a message issued in behalf of some product or cause or idea or person or institution; "the packaging of new ideas"","the quality of being open to public view; "the publicity of the court room""
publicize,"make public; "She aired her opinions on welfare"","call attention to; "Please don't advertise the fact that he has AIDS""
publicized,"made known; especially made widely known"
publicizes,"make public; "She aired her opinions on welfare"","call attention to; "Please don't advertise the fact that he has AIDS""
publicizing,"the business of drawing public attention to goods and services"
publicly,"in a manner accessible to or observable by the public; openly; "she admitted publicly to being a communist"","by the public or the people generally; "publicly provided medical care"; "publicly financed schools""
publics,"people in general considered as a whole; "he is a hero in the eyes of the public"","a body of people sharing some common interest; "the reading public"","not private; open to or concerning the people as a whole; "the public good"; "public libraries"; "public funds"; "public parks"; "a public scandal"; "public gardens"; "performers and members of royal families are public figures"","affecting the people or community as a whole; "community leaders"; "community interests"; "the public welfare""
publish,"put into print; "The newspaper published the news of the royal couple's divorce"; "These news should not be printed"","prepare and issue for public distribution or sale; "publish a magazine or newspaper"","have (one's written work) issued for publication; "How many books did Georges Simenon write?"; "She published 25 books during her long career""
published,"prepared and printed for distribution and sale; "the complete published works Dickens"","formally made public; "published accounts""
publisher,"a firm in the publishing business","a person engaged in publishing periodicals or books or music","the proprietor of a newspaper"
publishers,"a firm in the publishing business","a person engaged in publishing periodicals or books or music","the proprietor of a newspaper"
publishes
publishing,"the business of issuing printed matter for sale or distribution"
pubs,"tavern consisting of a building with a bar and public rooms; often provides light meals"
puccoon,"perennial plant of eastern North America having hairy foliage yielding a red or yellow pigment","perennial woodland native of North America having a red root and red sap and bearing a solitary lobed leaf and white flower in early spring and having acrid emetic properties; rootstock used as a stimulant and expectorant"
puccoons,"perennial plant of eastern North America having hairy foliage yielding a red or yellow pigment","perennial woodland native of North America having a red root and red sap and bearing a solitary lobed leaf and white flower in early spring and having acrid emetic properties; rootstock used as a stimulant and expectorant"
puce,"a color varying from dark purplish brown to dark red"
puces,"a color varying from dark purplish brown to dark red"
puck,"a mischievous sprite of English folklore","a vulcanized rubber disk 3 inches in diameter that is used instead of a ball in ice hockey"
pucka,"absolutely first class and genuine; "pukka sahib"; "pukka quarters with a swarm of servants""
pucker,"an irregular fold in an otherwise even surface (as in cloth)","to gather something into small wrinkles or folds; "She puckered her lips"","draw together into folds or puckers","become wrinkled or drawn together; "her lips puckered""
puckered
puckerer
puckerers
puckerier
puckeriest
puckering
puckers,"an irregular fold in an otherwise even surface (as in cloth)","to gather something into small wrinkles or folds; "She puckered her lips"","draw together into folds or puckers","become wrinkled or drawn together; "her lips puckered""
puckery
puckish,"naughtily or annoyingly playful; "teasing and worrying with impish laughter"; "a wicked prank""
pucks,"a mischievous sprite of English folklore","a vulcanized rubber disk 3 inches in diameter that is used instead of a ball in ice hockey"
pud,"(British) the dessert course of a meal (`pud' is used informally)"
pudding,"any of various soft thick unsweetened baked dishes; "corn pudding"","(British) the dessert course of a meal (`pud' is used informally)","any of various soft sweet desserts thickened usually with flour and baked or boiled or steamed"
puddings,"any of various soft thick unsweetened baked dishes; "corn pudding"","(British) the dessert course of a meal (`pud' is used informally)","any of various soft sweet desserts thickened usually with flour and baked or boiled or steamed"
puddle,"a mixture of wet clay and sand that can be used to line a pond and that is impervious to water when dry","a small body of standing water (rainwater) or other liquid; "there were puddles of muddy water in the road after the rain"; "the body lay in a pool of blood"","something resembling a pool of liquid; "he stood in a pool of light"; "his chair sat in a puddle of books and magazines"","wade or dabble in a puddle; "The ducks and geese puddled in the backyard"","subject to puddling or form by puddling; "puddle iron"","dip into mud before planting; "puddle young plants"","work a wet mixture, such as concrete or mud","mess around, as in a liquid or paste; "The children are having fun puddling in paint"","make into a puddle; "puddled mire"","make a puddle by splashing water","mix up or confuse; "He muddled the issues"","eliminate urine; "Again, the cat had made on the expensive rug""
puddled
puddler,"a worker who turns pig iron into wrought iron by puddling"
puddlers,"a worker who turns pig iron into wrought iron by puddling"
puddles,"a mixture of wet clay and sand that can be used to line a pond and that is impervious to water when dry","a small body of standing water (rainwater) or other liquid; "there were puddles of muddy water in the road after the rain"; "the body lay in a pool of blood"","something resembling a pool of liquid; "he stood in a pool of light"; "his chair sat in a puddle of books and magazines"","wade or dabble in a puddle; "The ducks and geese puddled in the backyard"","subject to puddling or form by puddling; "puddle iron"","dip into mud before planting; "puddle young plants"","work a wet mixture, such as concrete or mud","mess around, as in a liquid or paste; "The children are having fun puddling in paint"","make into a puddle; "puddled mire"","make a puddle by splashing water","mix up or confuse; "He muddled the issues"","eliminate urine; "Again, the cat had made on the expensive rug""
puddlier
puddliest
puddling
puddlings
puddly
pudencies
pudency
pudenda,"human external genital organs collectively especially of a female"
pudendal,"of or relating to or near the pudendum; "pudendal nerve""
pudendum,"human external genital organs collectively especially of a female"
pudgier,"short and plump"
pudgiest,"short and plump"
pudgily
pudgy,"short and plump"
pudic
puds,"(British) the dessert course of a meal (`pud' is used informally)"
pueblo,"a member of any of about two dozen Native American peoples called `Pueblos' by the Spanish because they live in pueblos (villages built of adobe and rock)","a city in Colorado to the south of Colorado Springs","a communal village built by Indians in the southwestern United States"
pueblos,"a member of any of about two dozen Native American peoples called `Pueblos' by the Spanish because they live in pueblos (villages built of adobe and rock)","a city in Colorado to the south of Colorado Springs","a communal village built by Indians in the southwestern United States"
puerile,"of or characteristic of a child; "puerile breathing"","displaying or suggesting a lack of maturity; "adolescent insecurity"; "jejune responses to our problems"; "their behavior was juvenile"; "puerile jokes""
puerilities
puerility,"the state of a child between infancy and adolescence","a property characteristic of a child"
puff,"a short light gust of air","a light inflated pastry or puff shell","exaggerated praise (as for promotional purposes)","bedding made of two layers of cloth filled with stuffing and stitched together","a soft spherical object made from fluffy fibers; for applying powder to the skin","thick cushion used as a seat","a slow inhalation (as of tobacco smoke); "he took a puff on his pipe"; "he took a drag on his cigarette and expelled the smoke slowly"","forceful exhalation through the nose or mouth; "he gave his nose a loud blow"; "he blew out all the candles with a single puff"","smoke and exhale strongly; "puff a cigar"; "whiff a pipe"","suck in or take (air); "draw a deep breath"; "draw on a cigarette"","breathe noisily, as when one is exhausted; "The runners reached the finish line, panting heavily"","make proud or conceited; "The sudden fame puffed her ego"","praise extravagantly; "The critics puffed up this Broadway production"","speak in a blustering or scornful manner; "A puffing kind of man"","to swell or cause to enlarge, "Her faced puffed up from the drugs"; "puffed out chests"","blow hard and loudly; "he huffed and puffed as he made his way up the mountain"","gathered for protruding fullness; "puff sleeves""
puffball,"any of various fungi of the family Lycoperdaceae whose round fruiting body discharges a cloud of spores when mature","any of various fungi of the genus Scleroderma having hard-skinned subterranean fruiting bodies resembling truffles"
puffballs,"any of various fungi of the family Lycoperdaceae whose round fruiting body discharges a cloud of spores when mature","any of various fungi of the genus Scleroderma having hard-skinned subterranean fruiting bodies resembling truffles"
puffed,"gathered for protruding fullness; "puff sleeves""
puffer,"delicacy that is highly dangerous because of a potent nerve poison in ovaries and liver","any of numerous marine fishes whose elongated spiny body can inflate itself with water or air to form a globe; several species contain a potent nerve poison; closely related to spiny puffers"
pufferies
puffers,"delicacy that is highly dangerous because of a potent nerve poison in ovaries and liver","any of numerous marine fishes whose elongated spiny body can inflate itself with water or air to form a globe; several species contain a potent nerve poison; closely related to spiny puffers"
puffery,"a flattering commendation (especially when used for promotional purposes)"
puffier,"being puffed out; used of hair style or clothing; "a bouffant skirt"","abnormally distended especially by fluids or gas; "hungry children with bloated stomachs"; "he had a grossly distended stomach"; "eyes with puffed (or puffy) lids"; "swollen hands"; "tumescent tissue"; "puffy tumid flesh"","blowing in puffs or short intermittent blasts; "puffy off-shore winds"; "gusty winds ""
puffiest,"being puffed out; used of hair style or clothing; "a bouffant skirt"","abnormally distended especially by fluids or gas; "hungry children with bloated stomachs"; "he had a grossly distended stomach"; "eyes with puffed (or puffy) lids"; "swollen hands"; "tumescent tissue"; "puffy tumid flesh"","blowing in puffs or short intermittent blasts; "puffy off-shore winds"; "gusty winds ""
puffily
puffin,"any of two genera of northern seabirds having short necks and brightly colored compressed bills"
puffing,"blowing tobacco smoke out into the air; "they smoked up the room with their ceaseless puffing"","an act of forcible exhalation"
puffins,"any of two genera of northern seabirds having short necks and brightly colored compressed bills"
puffs,"a short light gust of air","a light inflated pastry or puff shell","exaggerated praise (as for promotional purposes)","bedding made of two layers of cloth filled with stuffing and stitched together","a soft spherical object made from fluffy fibers; for applying powder to the skin","thick cushion used as a seat","a slow inhalation (as of tobacco smoke); "he took a puff on his pipe"; "he took a drag on his cigarette and expelled the smoke slowly"","forceful exhalation through the nose or mouth; "he gave his nose a loud blow"; "he blew out all the candles with a single puff"","smoke and exhale strongly; "puff a cigar"; "whiff a pipe"","suck in or take (air); "draw a deep breath"; "draw on a cigarette"","breathe noisily, as when one is exhausted; "The runners reached the finish line, panting heavily"","make proud or conceited; "The sudden fame puffed her ego"","praise extravagantly; "The critics puffed up this Broadway production"","speak in a blustering or scornful manner; "A puffing kind of man"","to swell or cause to enlarge, "Her faced puffed up from the drugs"; "puffed out chests"","blow hard and loudly; "he huffed and puffed as he made his way up the mountain"","gathered for protruding fullness; "puff sleeves""
puffy,"being puffed out; used of hair style or clothing; "a bouffant skirt"","abnormally distended especially by fluids or gas; "hungry children with bloated stomachs"; "he had a grossly distended stomach"; "eyes with puffed (or puffy) lids"; "swollen hands"; "tumescent tissue"; "puffy tumid flesh"","blowing in puffs or short intermittent blasts; "puffy off-shore winds"; "gusty winds ""
pug,"small compact smooth-coated breed of Asiatic origin having a tightly curled tail and broad flat wrinkled muzzle"
pugaree
pugarees
puggaree
puggarees
pugged
puggier
puggiest
pugging
puggish
puggree
puggrees
puggries
puggry
puggy
pugh
pugilism,"fighting with the fists"
pugilisms,"fighting with the fists"
pugilist,"someone who fights with his fists for sport"
pugilistic,"of or relating to pugilism or pugilists; "a pugilistic career""
pugilists,"someone who fights with his fists for sport"
pugmark
pugmarks
pugnacious,"tough and callous by virtue of experience","ready and able to resort to force or violence; "pugnacious spirits...lamented that there was so little prospect of an exhilarating disturbance"- Herman Melville; "they were rough and determined fighting men""
pugree
pugrees
pugs,"small compact smooth-coated breed of Asiatic origin having a tightly curled tail and broad flat wrinkled muzzle"
puisne
puisnes
puissant,"powerful"
puke,"a person who is deemed to be despicable or contemptible; "only a rotter would do that"; "kill the rat"; "throw the bum out"; "you cowardly little pukes!"; "the British call a contemptible person a `git'"","the matter ejected in vomiting","eject the contents of the stomach through the mouth; "After drinking too much, the students vomited"; "He purged continuously"; "The patient regurgitated the food we gave him last night""
puked
pukes,"a person who is deemed to be despicable or contemptible; "only a rotter would do that"; "kill the rat"; "throw the bum out"; "you cowardly little pukes!"; "the British call a contemptible person a `git'"","the matter ejected in vomiting","eject the contents of the stomach through the mouth; "After drinking too much, the students vomited"; "He purged continuously"; "The patient regurgitated the food we gave him last night""
puking,"the reflex act of ejecting the contents of the stomach through the mouth"
pukka,"absolutely first class and genuine; "pukka sahib"; "pukka quarters with a swarm of servants""
pul,"100 puls equal 1 afghani in Afghanistan"
pulchritude,"physical beauty (especially of a woman)"
pulchritudes,"physical beauty (especially of a woman)"
pulchritudinous,"used of persons only; having great physical beauty; "pulchritudinous movie stars""
pule,"cry weakly or softly; "she wailed with pain""
puled
puler
pulers
pules,"cry weakly or softly; "she wailed with pain""
puli,"100 puls equal 1 afghani in Afghanistan"
pulicene
pulicide
pulicides
pulik
puling
pulingly
pulings
pulis,"100 puls equal 1 afghani in Afghanistan"
pull,"the act of pulling; applying force to move something toward or with you; "the pull up the hill had him breathing harder"; "his strenuous pulling strained his back"","the force used in pulling; "the pull of the moon"; "the pull of the current"","special advantage or influence; "the chairman's nephew has a lot of pull"","a device used for pulling something; "he grabbed the pull and opened the drawer"","a sharp strain on muscles or ligaments; "the wrench to his knee occurred as he fell"; "he was sidelined with a hamstring pull"","a slow inhalation (as of tobacco smoke); "he took a puff on his pipe"; "he took a drag on his cigarette and expelled the smoke slowly"","a sustained effort; "it was a long pull but we made it"","cause to move by pulling; "draw a wagon"; "pull a sled"","direct toward itself or oneself by means of some psychological power or physical attributes; "Her good looks attract the stares of many men"; "The ad pulled in many potential customers"; "This pianist pulls huge crowds"; "The store owner was happy that the ad drew in many new customers"","move into a certain direction; "the car pulls to the right"","apply force so as to cause motion towards the source of the motion; "Pull the rope"; "Pull the handle towards you"; "pull the string gently"; "pull the trigger of the gun"; "pull your knees towards your chin"","perform an act, usually with a negative connotation; "perpetrate a crime"; "pull a bank robbery"","bring, take, or pull out of a container or from under a cover; "draw a weapon"; "pull out a gun"; "The mugger pulled a knife on his victim"","steer into a certain direction; "pull one's horse to a stand"; "Pull the car over"","strain abnormally; "I pulled a muscle in my leg when I jumped up"; "The athlete pulled a tendon in the competition"","cause to move in a certain direction by exerting a force upon, either physically or in an abstract sense; "A declining dollar pulled down the export figures for the last quarter"","operate when rowing a boat; "pull the oars"","rein in to keep from winning a race; "pull a horse"","tear or be torn violently; "The curtain ripped from top to bottom"; "pull the cooked chicken into strips"","hit in the direction that the player is facing when carrying through the swing; "pull the ball"","strip of feathers; "pull a chicken"; "pluck the capon"","remove, usually with some force or effort; also used in an abstract sense; "pull weeds"; "extract a bad tooth"; "take out a splinter"; "extract information from the telegram"","take sides with; align oneself with; show strong sympathy for; "We all rooted for the home team"; "I'm pulling for the underdog"; "Are you siding with the defender of the title?"","take away; "pull the old soup cans from the supermarket shelf""
pullback,"a device (as a decorative loop of cord or fabric) for holding or drawing something back; "the draperies were drawn to the sides by pullbacks"","(military) the act of pulling back (especially an orderly withdrawal of troops); "the pullback is expected to be over 25,000 troops""
pullbacks,"a device (as a decorative loop of cord or fabric) for holding or drawing something back; "the draperies were drawn to the sides by pullbacks"","(military) the act of pulling back (especially an orderly withdrawal of troops); "the pullback is expected to be over 25,000 troops""
pulled
puller,"someone who applies force so as to cause motion toward herself or himself","someone who pulls or tugs or drags in an effort to move something"
pullers,"someone who applies force so as to cause motion toward herself or himself","someone who pulls or tugs or drags in an effort to move something"
pullet,"flesh of a medium-sized young chicken suitable for frying","young hen usually less than a year old"
pullets,"flesh of a medium-sized young chicken suitable for frying","young hen usually less than a year old"
pulley,"a simple machine consisting of a wheel with a groove in which a rope can run to change the direction or point of application of a force applied to the rope"
pulleys,"a simple machine consisting of a wheel with a groove in which a rope can run to change the direction or point of application of a force applied to the rope"
pulling,"the act of pulling; applying force to move something toward or with you; "the pull up the hill had him breathing harder"; "his strenuous pulling strained his back""
pullman,"luxurious passenger car; for day or night travel"
pullmans,"luxurious passenger car; for day or night travel"
pullout,"to break off a military action with an enemy"
pullouts,"to break off a military action with an enemy"
pullover,"a sweater that is put on by pulling it over the head"
pullovers,"a sweater that is put on by pulling it over the head"
pulls,"the act of pulling; applying force to move something toward or with you; "the pull up the hill had him breathing harder"; "his strenuous pulling strained his back"","the force used in pulling; "the pull of the moon"; "the pull of the current"","special advantage or influence; "the chairman's nephew has a lot of pull"","a device used for pulling something; "he grabbed the pull and opened the drawer"","a sharp strain on muscles or ligaments; "the wrench to his knee occurred as he fell"; "he was sidelined with a hamstring pull"","a slow inhalation (as of tobacco smoke); "he took a puff on his pipe"; "he took a drag on his cigarette and expelled the smoke slowly"","a sustained effort; "it was a long pull but we made it"","cause to move by pulling; "draw a wagon"; "pull a sled"","direct toward itself or oneself by means of some psychological power or physical attributes; "Her good looks attract the stares of many men"; "The ad pulled in many potential customers"; "This pianist pulls huge crowds"; "The store owner was happy that the ad drew in many new customers"","move into a certain direction; "the car pulls to the right"","apply force so as to cause motion towards the source of the motion; "Pull the rope"; "Pull the handle towards you"; "pull the string gently"; "pull the trigger of the gun"; "pull your knees towards your chin"","perform an act, usually with a negative connotation; "perpetrate a crime"; "pull a bank robbery"","bring, take, or pull out of a container or from under a cover; "draw a weapon"; "pull out a gun"; "The mugger pulled a knife on his victim"","steer into a certain direction; "pull one's horse to a stand"; "Pull the car over"","strain abnormally; "I pulled a muscle in my leg when I jumped up"; "The athlete pulled a tendon in the competition"","cause to move in a certain direction by exerting a force upon, either physically or in an abstract sense; "A declining dollar pulled down the export figures for the last quarter"","operate when rowing a boat; "pull the oars"","rein in to keep from winning a race; "pull a horse"","tear or be torn violently; "The curtain ripped from top to bottom"; "pull the cooked chicken into strips"","hit in the direction that the player is facing when carrying through the swing; "pull the ball"","strip of feathers; "pull a chicken"; "pluck the capon"","remove, usually with some force or effort; also used in an abstract sense; "pull weeds"; "extract a bad tooth"; "take out a splinter"; "extract information from the telegram"","take sides with; align oneself with; show strong sympathy for; "We all rooted for the home team"; "I'm pulling for the underdog"; "Are you siding with the defender of the title?"","take away; "pull the old soup cans from the supermarket shelf""
pulmonary,"relating to or affecting the lungs; "pulmonary disease""
pulmonic,"relating to or affecting the lungs; "pulmonary disease""
pulmotor
pulmotors
pulp,"any soft or soggy mass; "he pounded it to a pulp"","a soft moist part of a fruit","a mixture of cellulose fibers","an inexpensive magazine printed on poor quality paper","the soft inner part of a tooth","remove the pulp from, as from a fruit","reduce to pulp; "pulp fruit"; "pulp wood""
pulpal
pulpally
pulped
pulper
pulpier,"like a pulp or overripe; not having stiffness"
pulpiest,"like a pulp or overripe; not having stiffness"
pulpily
pulping
pulpit,"a platform raised above the surrounding level to give prominence to the person on it"
pulpital
pulpits,"a platform raised above the surrounding level to give prominence to the person on it"
pulpless
pulpous
pulps,"any soft or soggy mass; "he pounded it to a pulp"","a soft moist part of a fruit","a mixture of cellulose fibers","an inexpensive magazine printed on poor quality paper","the soft inner part of a tooth","remove the pulp from, as from a fruit","reduce to pulp; "pulp fruit"; "pulp wood""
pulpwood,"softwood used to make paper"
pulpwoods,"softwood used to make paper"
pulpy,"like a pulp or overripe; not having stiffness"
pulque,"fermented Mexican drink from juice of various agave plants especially the maguey"
pulques,"fermented Mexican drink from juice of various agave plants especially the maguey"
puls,"100 puls equal 1 afghani in Afghanistan"
pulsant
pulsar,"a degenerate neutron star; small and extremely dense; rotates very fast and emits regular pulses of polarized radiation"
pulsars,"a degenerate neutron star; small and extremely dense; rotates very fast and emits regular pulses of polarized radiation"
pulsate,"expand and contract rhythmically; beat rhythmically; "The baby's heart was pulsating again after the surgeon massaged it"","move with or as if with a regular alternating motion; "the city pulsated with music and excitement"","produce or modulate (as electromagnetic waves) in the form of short bursts or pulses or cause an apparatus to produce pulses; "pulse waves"; "a transmitter pulsed by an electronic tube""
pulsated
pulsates,"expand and contract rhythmically; beat rhythmically; "The baby's heart was pulsating again after the surgeon massaged it"","move with or as if with a regular alternating motion; "the city pulsated with music and excitement"","produce or modulate (as electromagnetic waves) in the form of short bursts or pulses or cause an apparatus to produce pulses; "pulse waves"; "a transmitter pulsed by an electronic tube""
pulsating
pulsation,"(electronics) a sharp transient wave in the normal electrical state (or a series of such transients); "the pulsations seemed to be coming from a star"","a periodically recurring phenomenon that alternately increases and decreases some quantity","the rhythmic contraction and expansion of the arteries with each beat of the heart; "he could feel the beat of her heart""
pulsations,"(electronics) a sharp transient wave in the normal electrical state (or a series of such transients); "the pulsations seemed to be coming from a star"","a periodically recurring phenomenon that alternately increases and decreases some quantity","the rhythmic contraction and expansion of the arteries with each beat of the heart; "he could feel the beat of her heart""
pulsator
pulsators
pulse,"(electronics) a sharp transient wave in the normal electrical state (or a series of such transients); "the pulsations seemed to be coming from a star"","the rhythmic contraction and expansion of the arteries with each beat of the heart; "he could feel the beat of her heart"","the rate at which the heart beats; usually measured to obtain a quick evaluation of a person's health","edible seeds of various pod-bearing plants (peas or beans or lentils etc.)","expand and contract rhythmically; beat rhythmically; "The baby's heart was pulsating again after the surgeon massaged it"","produce or modulate (as electromagnetic waves) in the form of short bursts or pulses or cause an apparatus to produce pulses; "pulse waves"; "a transmitter pulsed by an electronic tube"","drive by or as if by pulsation; "A soft breeze pulsed the air""
pulsed
pulsejet
pulsejets
pulser
pulsers
pulses,"(electronics) a sharp transient wave in the normal electrical state (or a series of such transients); "the pulsations seemed to be coming from a star"","the rhythmic contraction and expansion of the arteries with each beat of the heart; "he could feel the beat of her heart"","the rate at which the heart beats; usually measured to obtain a quick evaluation of a person's health","edible seeds of various pod-bearing plants (peas or beans or lentils etc.)","expand and contract rhythmically; beat rhythmically; "The baby's heart was pulsating again after the surgeon massaged it"","produce or modulate (as electromagnetic waves) in the form of short bursts or pulses or cause an apparatus to produce pulses; "pulse waves"; "a transmitter pulsed by an electronic tube"","drive by or as if by pulsation; "A soft breeze pulsed the air""
pulsing,"(electronics) a sharp transient wave in the normal electrical state (or a series of such transients); "the pulsations seemed to be coming from a star""
pulsion
pulsions
pulsojet
pulsojets
pulverize,"make into a powder by breaking up or cause to become dust; "pulverize the grains"","destroy completely; "the wrecking ball demolished the building"; "demolish your enemies"; "pulverize the rebellion before it gets out of hand"","become powder or dust; "When it was blown up, the building powderized""
pulverized,"consisting of fine particles; "powdered cellulose"; "powdery snow"; "pulverized sugar is prepared from granulated sugar by grinding""
pulverizes,"make into a powder by breaking up or cause to become dust; "pulverize the grains"","destroy completely; "the wrecking ball demolished the building"; "demolish your enemies"; "pulverize the rebellion before it gets out of hand"","become powder or dust; "When it was blown up, the building powderized""
pulverizing
pulvilli
pulvinar
pulvini
pulvinus
puma,"large American feline resembling a lion"
pumas,"large American feline resembling a lion"
pumelo
pumelos
pumice,"a light glass formed on the surface of some lavas; used as an abrasive","rub with pumice, in order to clean or to smoothen"
pumiced
pumicer
pumicers
pumices,"a light glass formed on the surface of some lavas; used as an abrasive","rub with pumice, in order to clean or to smoothen"
pumicing
pumicite
pumicites
pummel,"strike, usually with the fist; "The pedestrians pummeled the demonstrators""
pummeled
pummeling
pummelled,"strike, usually with the fist; "The pedestrians pummeled the demonstrators""
pummelling,"strike, usually with the fist; "The pedestrians pummeled the demonstrators""
pummels,"strike, usually with the fist; "The pedestrians pummeled the demonstrators""
pump,"a mechanical device that moves fluid or gas by pressure or suction","the hollow muscular organ located behind the sternum and between the lungs; its rhythmic contractions move the blood through the body; "he stood still, his heart thumping wildly"","a low-cut shoe without fastenings","operate like a pump; move up and down, like a handle or a pedal; "pump the gas pedal"","deliver forth; "pump bullets into the dummy"","draw or pour with a pump","supply in great quantities; "Pump money into a project"","flow intermittently","move up and down; "The athlete pumps weights in the gym"","raise (gases or fluids) with a pump","question persistently; "She pumped the witnesses for information""
pumped,"tense with excitement and enthusiasm as from a rush of adrenaline; "we were really pumped up for the race"; "he was so pumped he couldn't sleep""
pumper
pumpernickel,"bread made of coarse rye flour"
pumpernickels,"bread made of coarse rye flour"
pumpers
pumping
pumpkin,"a coarse vine widely cultivated for its large pulpy round orange fruit with firm orange skin and numerous seeds; subspecies of Cucurbita pepo include the summer squashes and a few autumn squashes","usually large pulpy deep-yellow round fruit of the squash family maturing in late summer or early autumn"
pumpkins,"a coarse vine widely cultivated for its large pulpy round orange fruit with firm orange skin and numerous seeds; subspecies of Cucurbita pepo include the summer squashes and a few autumn squashes","usually large pulpy deep-yellow round fruit of the squash family maturing in late summer or early autumn"
pumpless
pumplike
pumps,"a mechanical device that moves fluid or gas by pressure or suction","the hollow muscular organ located behind the sternum and between the lungs; its rhythmic contractions move the blood through the body; "he stood still, his heart thumping wildly"","a low-cut shoe without fastenings","operate like a pump; move up and down, like a handle or a pedal; "pump the gas pedal"","deliver forth; "pump bullets into the dummy"","draw or pour with a pump","supply in great quantities; "Pump money into a project"","flow intermittently","move up and down; "The athlete pumps weights in the gym"","raise (gases or fluids) with a pump","question persistently; "She pumped the witnesses for information""
pun,"a humorous play on words; "I do it for the pun of it"; "his constant punning irritated her"","make a play on words; "Japanese like to pun--their language is well suited to punning""
puna
punas
punch,"(boxing) a blow with the fist; "I gave him a clout on his nose"","an iced mixed drink usually containing alcohol and prepared for multiple servings; normally served in a punch bowl","a tool for making holes or indentations","deliver a quick blow to; "he punched me in the stomach"","drive forcibly as if by a punch; "the nail punched through the wall"","make a hole into or between, as for ease of separation; "perforate the sheets of paper""
punched
puncheon
puncheons
puncher,"a hired hand who tends cattle and performs other duties on horseback","someone who delivers punches","a tool for making holes or indentations"
punchers,"a hired hand who tends cattle and performs other duties on horseback","someone who delivers punches","a tool for making holes or indentations"
punches
punchier
punchiest
punching
punchy
punctate
punctilious,"marked by precise accordance with details; "meticulous research"; "punctilious in his attention to rules of etiquette""
punctual,"acting or arriving or performed exactly at the time appointed; "she expected guests to be punctual at meals"; "he is not a particularly punctual person"; "punctual payment""
punctualities
punctuality,"the quality or habit of adhering to an appointed time"
punctually,"at the proper time; "she was duly apprised of the raise""
punctuate,"insert punctuation marks into","to stress, single out as important; "Dr. Jones emphasizes exercise in addition to a change in diet"","interrupt periodically; "Her sharp questions punctuated the speaker's drone""
punctuated
punctuates,"insert punctuation marks into","to stress, single out as important; "Dr. Jones emphasizes exercise in addition to a change in diet"","interrupt periodically; "Her sharp questions punctuated the speaker's drone""
punctuating
punctuation,"something that makes repeated and regular interruptions or divisions","the marks used to clarify meaning by indicating separation of words into sentences and clauses and phrases","the use of certain marks to clarify meaning of written material by grouping words grammatically into sentences and clauses and phrases"
puncture,"loss of air pressure in a tire when a hole is made by some sharp object","a small hole made by a sharp object","the act of puncturing or perforating","pierce with a pointed object; make a hole into; "puncture a tire"","make by piercing; "puncture a hole"","reduce or lessen the size or importance of; "The bad review of his work deflated his self-confidence"","cause to lose air pressure or collapse by piercing; "puncture an air balloon"","be pierced or punctured; "The tire punctured""
punctured,"having a hole cut through; "pierced ears"; "a perforated eardrum"; "a punctured balloon""
punctures,"loss of air pressure in a tire when a hole is made by some sharp object","a small hole made by a sharp object","the act of puncturing or perforating","pierce with a pointed object; make a hole into; "puncture a tire"","make by piercing; "puncture a hole"","reduce or lessen the size or importance of; "The bad review of his work deflated his self-confidence"","cause to lose air pressure or collapse by piercing; "puncture an air balloon"","be pierced or punctured; "The tire punctured""
puncturing
pundit,"someone who has been admitted to membership in a scholarly field"
punditic
punditries
punditry
pundits,"someone who has been admitted to membership in a scholarly field"
pung,"a one-horse sleigh consisting of a box on runners"
pungencies
pungency,"wit having a sharp and caustic quality; "he commented with typical pungency"; "the bite of satire"","a strong odor or taste property; "the pungency of mustard"; "the sulfurous bite of garlic"; "the sharpness of strange spices"; "the raciness of the wine""
pungent,"strong and sharp;"the pungent taste of radishes"; "the acrid smell of burning rubber"","capable of wounding; "a barbed compliment"; "a biting aphorism"; "pungent satire""
pungently,"with pungency; in a pungent manner; "he wrote pungently about his contemporaries"","with a pungent taste or smell; "the soup was pungently flavored""
pungs,"a one-horse sleigh consisting of a box on runners"
punier,"inferior in strength or significance; "a puny physique"; "puny excuses"","(used especially of persons) of inferior size"
puniest,"inferior in strength or significance; "a puny physique"; "puny excuses"","(used especially of persons) of inferior size"
punily,"in a puny manner"
puniness,"the quality of being unimportant and petty or frivolous","smallness of stature"
puninesses
punish,"impose a penalty on; inflict punishment on; "The students were penalized for showing up late for class"; "we had to punish the dog for soiling the floor again""
punishable,"liable to or deserving punishment; "punishable offenses"","subject to punishment by law; "a penal offense""
punished,"subjected to a penalty (as pain or shame or restraint or loss) for an offense or fault or in order to coerce some behavior (as a confession or obedience)"
punisher
punishers
punishes
punishing,"resulting in punishment; "the king imposed a punishing tax"","characterized by effort to the point of exhaustion; especially physical effort; "worked their arduous way up the mining valley"; "a grueling campaign"; "hard labor"; "heavy work"; "heavy going"; "spent many laborious hours on the project"; "set a punishing pace""
punishment,"the act of punishing"
punishments,"the act of punishing"
punition
punitions
punitive,"inflicting punishment; "punitive justice"; "punitive damages""
punitory,"inflicting punishment; "punitive justice"; "punitive damages""
punk,"an aggressive and violent young criminal","substance that smolders when ignited; used to light fuses (especially fireworks)","material for starting a fire","a teenager or young adult who is a performer (or enthusiast) of punk rock and a member of the punk youth subculture","rock music with deliberately offensive lyrics expressing anger and social alienation; in part a reaction against progressive rock","of very poor quality; flimsy"
punka
punkah,"a large fan consisting of a frame covered with canvas that is suspended from the ceiling; used in India for circulating air in a room"
punkahs,"a large fan consisting of a frame covered with canvas that is suspended from the ceiling; used in India for circulating air in a room"
punkas
punker
punkest
punkey,"minute two-winged insect that sucks the blood of mammals and birds and other insects"
punkeys,"minute two-winged insect that sucks the blood of mammals and birds and other insects"
punkie,"minute two-winged insect that sucks the blood of mammals and birds and other insects"
punkier
punkies,"minute two-winged insect that sucks the blood of mammals and birds and other insects"
punkiest
punkin
punkins
punks,"a youth subculture closely associated with punk rock music in the late 1970s; in part a reaction to the hippy subculture; dress was optional but intended to shock (plastic garbage bags or old school uniforms) and hair was dyed in bright colors (in Mohican haircuts or sometimes spiked in bright plumes)","of very poor quality; flimsy"
punky,"minute two-winged insect that sucks the blood of mammals and birds and other insects"
punned,"make a play on words; "Japanese like to pun--their language is well suited to punning""
punner
punners
punnier
punniest
punning,"a humorous play on words; "I do it for the pun of it"; "his constant punning irritated her"","make a play on words; "Japanese like to pun--their language is well suited to punning""
punny
puns,"a humorous play on words; "I do it for the pun of it"; "his constant punning irritated her"","make a play on words; "Japanese like to pun--their language is well suited to punning""
punster,"someone overly fond of making puns"
punsters,"someone overly fond of making puns"
punt,"formerly the basic unit of money in Ireland; equal to 100 pence","an open flat-bottomed boat used in shallow waters and propelled by a long pole","(football) a kick in which the football is dropped from the hands and kicked before it touches the ground; "the punt traveled 50 yards"; "punting is an important part of the game"","kick the ball","propel with a pole; "pole barges on the river"; "We went punting in Cambridge"","place a bet on; "Which horse are you backing?"; "I'm betting on the new horse""
punted
punter,"someone who propels a boat with a pole","(football) a person who kicks the football by dropping it from the hands and contacting it with the foot before it hits the ground","someone who bets"
punters,"someone who propels a boat with a pole","(football) a person who kicks the football by dropping it from the hands and contacting it with the foot before it hits the ground","someone who bets"
punties
punting,"(football) a kick in which the football is dropped from the hands and kicked before it touches the ground; "the punt traveled 50 yards"; "punting is an important part of the game""
punto
puntos
punts,"formerly the basic unit of money in Ireland; equal to 100 pence","an open flat-bottomed boat used in shallow waters and propelled by a long pole","(football) a kick in which the football is dropped from the hands and kicked before it touches the ground; "the punt traveled 50 yards"; "punting is an important part of the game"","kick the ball","propel with a pole; "pole barges on the river"; "We went punting in Cambridge"","place a bet on; "Which horse are you backing?"; "I'm betting on the new horse""
punty
puny,"inferior in strength or significance; "a puny physique"; "puny excuses"","(used especially of persons) of inferior size"
pup,"young of any of various canines such as a dog or wolf","an inexperienced young person","birth; "the dog whelped""
pupa,"an insect in the inactive stage of development (when it is not feeding) intermediate between larva and adult"
pupae,"an insect in the inactive stage of development (when it is not feeding) intermediate between larva and adult"
pupal,"of the insects in the chrysalis (cocoon) or post larval stage; "the pupal stage""
puparia
puparial
puparium
pupas,"an insect in the inactive stage of development (when it is not feeding) intermediate between larva and adult"
pupate,"develop into a pupa; "the insect larva pupate""
pupated
pupates,"develop into a pupa; "the insect larva pupate""
pupating
pupation
pupations
pupfish
pupfishes
pupil,"a learner who is enrolled in an educational institution","the contractile aperture in the center of the iris of the eye; resembles a large black dot","a young person attending school (up through senior high school)"
pupilage
pupilages
pupilar
pupilary
pupils,"a learner who is enrolled in an educational institution","the contractile aperture in the center of the iris of the eye; resembles a large black dot","a young person attending school (up through senior high school)"
pupped,"birth; "the dog whelped""
puppet,"a small figure of a person operated from above with strings by a puppeteer","a person who is controlled by others and is used to perform unpleasant or dishonest tasks for someone else","a doll with a hollow head of a person or animal and a cloth body; intended to fit over the hand and be manipulated with the fingers"
puppeteer,"one who operates puppets or marionettes"
puppeteers,"one who operates puppets or marionettes"
puppetries
puppetry,"the art of making puppets and presenting puppet shows","a stilted dramatic performance (as if by puppets)"
puppets,"a small figure of a person operated from above with strings by a puppeteer","a person who is controlled by others and is used to perform unpleasant or dishonest tasks for someone else","a doll with a hollow head of a person or animal and a cloth body; intended to fit over the hand and be manipulated with the fingers"
puppies
pupping,"birth; "the dog whelped""
puppy,"a young dog","an inexperienced young person"
puppydom
puppydoms
puppyish,"characteristic of a puppy"
pups,"young of any of various canines such as a dog or wolf","an inexperienced young person","birth; "the dog whelped""
pur
purana,"a body of 18 works written between the first and 11th centuries and incorporating legends and speculative histories of the universe and myths and customary observances"
puranas,"a body of 18 works written between the first and 11th centuries and incorporating legends and speculative histories of the universe and myths and customary observances"
puranic,"of or relating to the Purana"
purblind,"having greatly reduced vision","lacking in insight or discernment; "too obtuse to grasp the implications of his behavior"; "a purblind oligarchy that flatly refused to see that history was condemning it to the dustbin"- Jasper Griffin"
purchase,"the acquisition of something for payment; "they closed the purchase with a handshake"","something acquired by purchase","a means of exerting influence or gaining advantage; "he could get no purchase on the situation"","the mechanical advantage gained by being in a position to use a lever","obtain by purchase; acquire by means of a financial transaction; "The family purchased a new car"; "The conglomerate acquired a new company"; "She buys for the big department store""
purchased
purchaser,"a person who buys"
purchasers,"a person who buys"
purchases,"the acquisition of something for payment; "they closed the purchase with a handshake"","something acquired by purchase","a means of exerting influence or gaining advantage; "he could get no purchase on the situation"","the mechanical advantage gained by being in a position to use a lever","obtain by purchase; acquire by means of a financial transaction; "The family purchased a new car"; "The conglomerate acquired a new company"; "She buys for the big department store""
purchasing,"the act of buying; "buying and selling fill their days"; "shrewd purchasing requires considerable knowledge""
purda
purdah,"a state of social isolation","the traditional Hindu or Muslim system of keeping women secluded","a screen used in India to separate women from men or strangers"
purdahs,"a state of social isolation","the traditional Hindu or Muslim system of keeping women secluded","a screen used in India to separate women from men or strangers"
purdas
pure,"free of extraneous elements of any kind; "pure air and water"; "pure gold"; "pure primary colors"; "the violin's pure and lovely song"; "pure tones"; "pure oxygen"","without qualification; used informally as (often pejorative) intensifiers; "an arrant fool"; "a complete coward"; "a consummate fool"; "a double-dyed villain"; "gross negligence"; "a perfect idiot"; "pure folly"; "what a sodding mess"; "stark staring mad"; "a thoroughgoing villain"; "utter nonsense"; "the unadulterated truth"","(of color) being chromatically pure; not diluted with white or grey or black","free from discordant qualities","concerned with theory and data rather than practice; opposed to applied; "pure science"","(used of persons or behaviors) having no faults; sinless; "I felt pure and sweet as a new baby"- Sylvia Plath; "pure as the driven snow"","in a state of sexual virginity; "pure and vestal modesty"; "a spinster or virgin lady"; "men have decreed that their women must be pure and virginal""
purebred,"a pedigreed animal of unmixed lineage; used especially of horses","bred for many generations from member of a recognized breed or strain"
purebreds,"a pedigreed animal of unmixed lineage; used especially of horses","bred for many generations from member of a recognized breed or strain"
puree,"food prepared by cooking and straining or processed in a blender","rub through a strainer or process in an electric blender; "puree the vegetables for the baby""
pureed
pureeing
purees,"food prepared by cooking and straining or processed in a blender","rub through a strainer or process in an electric blender; "puree the vegetables for the baby""
purely,"restricted to something; "we talked strictly business""
pureness,"being undiluted or unmixed with extraneous material","the state of being unsullied by sin or moral wrong; lacking a knowledge of evil","a woman's virtue or chastity"
purenesses
purer
purest
purfle
purfled
purfles
purfling
purflings
purgative,"a purging medicine; stimulates evacuation of the bowels","strongly laxative"
purgatorial,"serving to purge or rid of sin; "purgatorial rites"","of or resembling purgatory; "purgatorial fires""
purgatories
purgatory,"a temporary condition of torment or suffering; "a purgatory of drug abuse"","(theology) in Roman Catholic theology the place where those who have died in a state of grace undergo limited torment to expiate their sins"
purge,"the act of clearing yourself (or another) from some stigma or charge","an act of removing by cleansing; ridding of sediment or other undesired elements","an abrupt or sudden removal of a person or group from an organization or place; "he died in a purge by Stalin"","oust politically; "Deng Xiao Ping was purged several times throughout his lifetime"","clear of a charge","make pure or free from sin or guilt; "he left the monastery purified"","rid of impurities; "purge the water"; "purge your mind"","rinse, clean, or empty with a liquid; "flush the wound with antibiotics"; "purge the old gas tank"","eject the contents of the stomach through the mouth; "After drinking too much, the students vomited"; "He purged continuously"; "The patient regurgitated the food we gave him last night"","excrete or evacuate (someone's bowels or body); "The doctor decided that the patient must be purged""
purged
purger
purgers
purges,"the act of clearing yourself (or another) from some stigma or charge","an act of removing by cleansing; ridding of sediment or other undesired elements","an abrupt or sudden removal of a person or group from an organization or place; "he died in a purge by Stalin"","oust politically; "Deng Xiao Ping was purged several times throughout his lifetime"","clear of a charge","make pure or free from sin or guilt; "he left the monastery purified"","rid of impurities; "purge the water"; "purge your mind"","rinse, clean, or empty with a liquid; "flush the wound with antibiotics"; "purge the old gas tank"","eject the contents of the stomach through the mouth; "After drinking too much, the students vomited"; "He purged continuously"; "The patient regurgitated the food we gave him last night"","excrete or evacuate (someone's bowels or body); "The doctor decided that the patient must be purged""
purging,"an act of removing by cleansing; ridding of sediment or other undesired elements","the act of clearing yourself (or another) from some stigma or charge","serving to purge or rid of sin; "purgatorial rites""
purgings,"an act of removing by cleansing; ridding of sediment or other undesired elements","the act of clearing yourself (or another) from some stigma or charge","serving to purge or rid of sin; "purgatorial rites""
puri
purification,"the act of cleaning by getting rid of impurities","the process of removing impurities (as from oil or metals or sugar etc.)","a ceremonial cleansing from defilement or uncleanness by the performance of appropriate rites","the act of purging of sin or guilt; moral or spiritual cleansing; "purification through repentance""
purifications,"the act of cleaning by getting rid of impurities","the process of removing impurities (as from oil or metals or sugar etc.)","a ceremonial cleansing from defilement or uncleanness by the performance of appropriate rites","the act of purging of sin or guilt; moral or spiritual cleansing; "purification through repentance""
purified,"remove impurities from, increase the concentration of, and separate through the process of distillation; "purify the water"","make pure or free from sin or guilt; "he left the monastery purified"","become clean or pure or free of guilt and sin; "The hippies came to the ashram in order to purify""
purifier,"an apparatus for removing impurities"
purifiers,"an apparatus for removing impurities"
purifies
purify,"remove impurities from, increase the concentration of, and separate through the process of distillation; "purify the water"","make pure or free from sin or guilt; "he left the monastery purified"","become clean or pure or free of guilt and sin; "The hippies came to the ashram in order to purify""
purifying,"serving to purge or rid of sin; "purgatorial rites"","freeing from noxious matter; "filtration is a purifying agent"","acting like an antiseptic"
purin
purine,"any of several bases that are derivatives of purine","a colorless crystalline organic base containing nitrogen; the parent compound of various biologically important substances"
purines,"any of several bases that are derivatives of purine","a colorless crystalline organic base containing nitrogen; the parent compound of various biologically important substances"
purins
puris
purism,"scrupulous or exaggerated insistence on purity or correctness (especially in language); "linguistic purisms""
purisms,"scrupulous or exaggerated insistence on purity or correctness (especially in language); "linguistic purisms""
purist,"someone who insists on great precision and correctness (especially in the use of words)"
puristic
purists,"someone who insists on great precision and correctness (especially in the use of words)"
puritan,"a member of a group of English Protestants who in the 16th and 17th centuries thought that the Protestant Reformation under Elizabeth was incomplete and advocated the simplification and regulation of forms of worship","someone who adheres to strict religious principles; someone opposed to sensual pleasures","a person excessively concerned about propriety and decorum"
puritanical,"of or relating to Puritans or Puritanism","exaggeratedly proper; "my straitlaced Aunt Anna doesn't approve of my miniskirts"","morally rigorous and strict; "the puritan work ethic"; "puritanic distaste for alcohol"; "she was anything but puritanical in her behavior""
puritans,"a member of a group of English Protestants who in the 16th and 17th centuries thought that the Protestant Reformation under Elizabeth was incomplete and advocated the simplification and regulation of forms of worship","someone who adheres to strict religious principles; someone opposed to sensual pleasures","a person excessively concerned about propriety and decorum"
purities
purity,"being undiluted or unmixed with extraneous material","the state of being unsullied by sin or moral wrong; lacking a knowledge of evil","a woman's virtue or chastity"
purl,"gold or silver wire thread","a basic knitting stitch","flow in a circular current, of liquids","make a murmuring sound; "the water was purling"","knit with a purl stitch","edge or border with gold or silver embroidery","embroider with gold or silver thread"
purled
purlieu,"an outer adjacent area of any place"
purlieus,"an outer adjacent area of any place"
purlin
purline
purlines
purling
purlins
purloin,"make off with belongings of others"
purloined
purloining
purloins,"make off with belongings of others"
purls,"gold or silver wire thread","a basic knitting stitch","flow in a circular current, of liquids","make a murmuring sound; "the water was purling"","knit with a purl stitch","edge or border with gold or silver embroidery","embroider with gold or silver thread"
purple,"a purple color or pigment","of imperial status; "he was born to the purple"","become purple","color purple","of a color intermediate between red and blue","excessively elaborate or showily expressed; "a writer of empurpled literature"; "many purple passages"; "an over-embellished story of the fish that got away"","belonging to or befitting a supreme ruler; "golden age of imperial splendor"; "purple tyrant"; "regal attire"; "treated with royal acclaim"; "the royal carriage of a stag's head""
purpled
purpler
purples,"a purple color or pigment","of imperial status; "he was born to the purple"","become purple","color purple","of a color intermediate between red and blue","excessively elaborate or showily expressed; "a writer of empurpled literature"; "many purple passages"; "an over-embellished story of the fish that got away"","belonging to or befitting a supreme ruler; "golden age of imperial splendor"; "purple tyrant"; "regal attire"; "treated with royal acclaim"; "the royal carriage of a stag's head""
purplest
purpling
purplish,"of a color intermediate between red and blue"
purply
purport,"the intended meaning of a communication","the pervading meaning or tenor; "caught the general drift of the conversation"","have the often specious appearance of being, intending, or claiming; "The letter purports to express people's opinion"","propose or intend; "I aim to arrive at noon""
purported
purportedly,"believed or reputed to be the case"
purporting
purports,"the intended meaning of a communication","the pervading meaning or tenor; "caught the general drift of the conversation"","have the often specious appearance of being, intending, or claiming; "The letter purports to express people's opinion"","propose or intend; "I aim to arrive at noon""
purpose,"an anticipated outcome that is intended or that guides your planned actions; "his intent was to provide a new translation"; "good intentions are not enough"; "it was created with the conscious aim of answering immediate needs"; "he made no secret of his designs"","what something is used for; "the function of an auger is to bore holes"; "ballet is beautiful but what use is it?"","the quality of being determined to do or achieve something; firmness of purpose; "his determination showed in his every movement"; "he is a man of purpose"","propose or intend; "I aim to arrive at noon"","reach a decision; "he resolved never to drink again""
purposed
purposeful,"serving as or indicating the existence of a purpose or goal","having meaning through having an aim; "led a happy purposeful life""
purposefully,"in a purposeful manner; "he caught the motorcycles in the full glare of his headlights, braked and slipped purposefully out of the car""
purposeless,"not evidencing any purpose or goal","serving no useful purpose; having no excuse for being; "otiose lines in a play"; "advice is wasted words"; "a pointless remark"; "a life essentially purposeless"; "senseless violence""
purposely,"with intention; in an intentional manner; "he used that word intentionally"; "I did this by choice""
purposes,"an anticipated outcome that is intended or that guides your planned actions; "his intent was to provide a new translation"; "good intentions are not enough"; "it was created with the conscious aim of answering immediate needs"; "he made no secret of his designs"","what something is used for; "the function of an auger is to bore holes"; "ballet is beautiful but what use is it?"","the quality of being determined to do or achieve something; firmness of purpose; "his determination showed in his every movement"; "he is a man of purpose"","propose or intend; "I aim to arrive at noon"","reach a decision; "he resolved never to drink again""
purposing
purpura,"any of several blood diseases causing subcutaneous bleeding"
purpuras,"any of several blood diseases causing subcutaneous bleeding"
purpure
purpures
purpuric
purpurin
purpurins
purr,"a low vibrating sound typical of a contented cat","make a soft swishing sound; "the motor whirred"; "the car engine purred"","indicate pleasure by purring; characteristic of cats"
purred
purring
purrs,"a low vibrating sound typical of a contented cat","make a soft swishing sound; "the motor whirred"; "the car engine purred"","indicate pleasure by purring; characteristic of cats"
purs
purse,"a container used for carrying money and small personal items or accessories (especially by women); "she reached into her bag and found a comb"","a sum of money spoken of as the contents of a money purse; "he made the contribution out of his own purse"; "he and his wife shared a common purse"","a small bag for carrying money","a sum of money offered as a prize; "the purse barely covered the winner's expenses"","contract one's lips into a rounded shape","gather or contract into wrinkles or folds; pucker; "purse ones's lips""
pursed
purser,"an officer aboard a ship who keeps accounts and attends to the passengers' welfare"
pursers,"an officer aboard a ship who keeps accounts and attends to the passengers' welfare"
purses,"a container used for carrying money and small personal items or accessories (especially by women); "she reached into her bag and found a comb"","a sum of money spoken of as the contents of a money purse; "he made the contribution out of his own purse"; "he and his wife shared a common purse"","a small bag for carrying money","a sum of money offered as a prize; "the purse barely covered the winner's expenses"","contract one's lips into a rounded shape","gather or contract into wrinkles or folds; pucker; "purse ones's lips""
pursier
pursiest
pursily
pursing
purslane,"a plant of the family Portulacaceae having fleshy succulent obovate leaves often grown as a potherb or salad herb; a weed in some areas"
purslanes,"a plant of the family Portulacaceae having fleshy succulent obovate leaves often grown as a potherb or salad herb; a weed in some areas"
pursuance,"a search for an alternative that meets cognitive criteria; "the pursuit of love"; "life is more than the pursuance of fame"; "a quest for wealth"","the continuance of something begun with a view to its completion"
pursuances,"a search for an alternative that meets cognitive criteria; "the pursuit of love"; "life is more than the pursuance of fame"; "a quest for wealth"","the continuance of something begun with a view to its completion"
pursuant,"(followed by `to') in conformance to or agreement with; "pursuant to our agreement"; "pursuant to the dictates of one's conscience""
pursue,"carry out or participate in an activity; be involved in; "She pursued many activities"; "They engaged in a discussion"","follow in or as if in pursuit; "The police car pursued the suspected attacker"; "Her bad deed followed her and haunted her dreams all her life"","go in search of or hunt for; "pursue a hobby"","carry further or advance; "Can you act on this matter soon?""
pursued,"a person who is being chased; "the film jumped back and forth from the pursuer to the pursued"","followed with enmity as if to harm; "running and leaping like a herd of pursued antelopes""
pursuer,"a person who is pursuing and trying to overtake or capture; "always before he had been able to outwit his pursuers"","a person who pursues some plan or goal; "a pursuer of truth""
pursuers,"a person who is pursuing and trying to overtake or capture; "always before he had been able to outwit his pursuers"","a person who pursues some plan or goal; "a pursuer of truth""
pursues,"carry out or participate in an activity; be involved in; "She pursued many activities"; "They engaged in a discussion"","follow in or as if in pursuit; "The police car pursued the suspected attacker"; "Her bad deed followed her and haunted her dreams all her life"","go in search of or hunt for; "pursue a hobby"","carry further or advance; "Can you act on this matter soon?""
pursuing,"following in order to overtake or capture or as accompaniment to such pursuit; "the fox fled from the pursuing hounds"; "listened for the hounds' pursuing bark""
pursuit,"the act of pursuing in an effort to overtake or capture; "the culprit started to run and the cop took off in pursuit"","a search for an alternative that meets cognitive criteria; "the pursuit of love"; "life is more than the pursuance of fame"; "a quest for wealth"","an auxiliary activity","a diversion that occupies one's time and thoughts (usually pleasantly); "sailing is her favorite pastime"; "his main pastime is gambling"; "he counts reading among his interests"; "they criticized the boy for his limited pursuits""
pursuits,"the act of pursuing in an effort to overtake or capture; "the culprit started to run and the cop took off in pursuit"","a search for an alternative that meets cognitive criteria; "the pursuit of love"; "life is more than the pursuance of fame"; "a quest for wealth"","an auxiliary activity","a diversion that occupies one's time and thoughts (usually pleasantly); "sailing is her favorite pastime"; "his main pastime is gambling"; "he counts reading among his interests"; "they criticized the boy for his limited pursuits""
pursy,"breathing laboriously or convulsively"
purulent,"containing pus; "a purulent wound""
purvey,"supply with provisions"
purveyance,"the act of supplying something"
purveyances,"the act of supplying something"
purveyed
purveying
purveyor,"someone who supplies provisions (especially food)"
purveyors,"someone who supplies provisions (especially food)"
purveys,"supply with provisions"
purview,"the range of interest or activity that can be anticipated; "It is beyond the horizon of present knowledge""
purviews,"the range of interest or activity that can be anticipated; "It is beyond the horizon of present knowledge""
pus,"the tenth month of the Hindu calendar","a fluid product of inflammation"
puses
push,"the act of applying force in order to move something away; "he gave the door a hard push"; "the pushing is good exercise"","the force used in pushing; "the push of the water on the walls of the tank"; "the thrust of the jet engines"","enterprising or ambitious drive; "Europeans often laugh at American energy"","an electrical switch operated by pressing; "the elevator was operated by push buttons"; "the push beside the bed operated a buzzer at the desk"","an effort to advance; "the army made a push toward the sea"","move with force, "He pushed the table into a corner"","press, drive, or impel (someone) to action or completion of an action; "He pushed her to finish her doctorate"","make publicity for; try to sell (a product); "The salesman is aggressively pushing the new computer model"; "The company is heavily advertizing their new laptops"","strive and make an effort to reach a goal; "She tugged for years to make a decent living"; "We have to push a little to make the deadline!"; "She is driving away at her doctoral thesis"","press against forcefully without moving; "she pushed against the wall with all her strength"","approach a certain age or speed; "She is pushing fifty"","exert oneself continuously, vigorously, or obtrusively to gain an end or engage in a crusade for a certain cause or person; be an advocate for; "The liberal party pushed for reforms"; "She is crusading for women's rights"; "The Dean is pushing for his favorite candidate"","sell or promote the sale of (illegal goods such as drugs); "The guy hanging around the school is pushing drugs"","move strenuously and with effort; "The crowd pushed forward"","make strenuous pushing movements during birth to expel the baby; "`Now push hard,' said the doctor to the woman""
pushball,"a game using a leather ball six feet in diameter; the two side try to push it across the opponents' goal"
pushballs,"a game using a leather ball six feet in diameter; the two side try to push it across the opponents' goal"
pushcart,"wheeled vehicle that can be pushed by a person; may have one or two or four wheels; "he used a handcart to carry the rocks away"; "their pushcart was piled high with groceries""
pushcarts,"wheeled vehicle that can be pushed by a person; may have one or two or four wheels; "he used a handcart to carry the rocks away"; "their pushcart was piled high with groceries""
pushdown
pushdowns
pushed
pusher,"one who intrudes or pushes himself forward","an unlicensed dealer in illegal drugs","someone who pushes","a sandal attached to the foot by a thong over the toes","a small vehicle with four wheels in which a baby or child is pushed around"
pushers,"one who intrudes or pushes himself forward","an unlicensed dealer in illegal drugs","someone who pushes","a sandal attached to the foot by a thong over the toes","a small vehicle with four wheels in which a baby or child is pushed around"
pushes
pushful,"marked by aggressive ambition and energy and initiative; "an aggressive young executive"; "a pushful insurance agent""
pushier,"marked by aggressive ambition and energy and initiative; "an aggressive young executive"; "a pushful insurance agent""
pushiest,"marked by aggressive ambition and energy and initiative; "an aggressive young executive"; "a pushful insurance agent""
pushily
pushing,"the act of applying force in order to move something away; "he gave the door a hard push"; "the pushing is good exercise""
pushover,"someone who is easily taken advantage of","any undertaking that is easy to do; "marketing this product will be no picnic""
pushovers,"someone who is easily taken advantage of","any undertaking that is easy to do; "marketing this product will be no picnic""
pushpin,"a tack for attaching papers to a bulletin board or drawing board"
pushpins,"a tack for attaching papers to a bulletin board or drawing board"
pushup,"an arm exercise performed lying face to the floor and pushing the body up and down with the arms"
pushups,"an arm exercise performed lying face to the floor and pushing the body up and down with the arms"
pushy,"marked by aggressive ambition and energy and initiative; "an aggressive young executive"; "a pushful insurance agent""
pusillanimous,"lacking in courage and manly strength and resolution; contemptibly fearful"
pusley
pusleys
puslike
puss,"obscene terms for female genitals","informal terms referring to a domestic cat"
pusses
pussier,"containing pus; "a purulent wound""
pussies
pussiest,"containing pus; "a purulent wound""
pussley,"weedy trailing mat-forming herb with bright yellow flowers cultivated for its edible mildly acid leaves eaten raw or cooked especially in Indian and Greek and Middle Eastern cuisine; cosmopolitan"
pussleys,"weedy trailing mat-forming herb with bright yellow flowers cultivated for its edible mildly acid leaves eaten raw or cooked especially in Indian and Greek and Middle Eastern cuisine; cosmopolitan"
pusslies
pusslike
pussly,"weedy trailing mat-forming herb with bright yellow flowers cultivated for its edible mildly acid leaves eaten raw or cooked especially in Indian and Greek and Middle Eastern cuisine; cosmopolitan"
pussy,"obscene terms for female genitals","informal terms referring to a domestic cat","containing pus; "a purulent wound""
pussycat,"a person who is regarded as easygoing and agreeable","informal terms referring to a domestic cat"
pussycats,"a person who is regarded as easygoing and agreeable","informal terms referring to a domestic cat"
pustular
pustule,"a small inflamed elevation of skin containing pus; a blister filled with pus"
pustuled
pustules,"a small inflamed elevation of skin containing pus; a blister filled with pus"
put,"the option to sell a given stock (or stock index or commodity future) at a given price before a given date","put into a certain place or abstract location; "Put your things here"; "Set the tray down"; "Set the dogs on the scent of the missing children"; "Place emphasis on a certain point"","cause to be in a certain state; cause to be in a certain relation; "That song put me in awful good humor"; "put your ideas in writing"","formulate in a particular style or language; "I wouldn't put it that way"; "She cast her request in very polite language"","attribute or give; "She put too much emphasis on her the last statement"; "He put all his efforts into this job"; "The teacher put an interesting twist to the interpretation of the story"","make an investment; "Put money into bonds"","estimate; "We put the time of arrival at 8 P.M."","cause (someone) to undergo something; "He put her to the torture"","adapt; "put these words to music"","arrange thoughts, ideas, temporal events; "arrange my schedule"; "set up one's life"; "I put these memories with those of bygone times""
putamen,"the outer reddish part of the lenticular nucleus"
putamina,"the outer reddish part of the lenticular nucleus"
putative,"purported; commonly put forth or accepted as true on inconclusive grounds; "the foundling's putative father"; "the putative author of the book""
putlog
putlogs
putoff,"a pretext for delay or inaction"
putoffs,"a pretext for delay or inaction"
puton
putons
putout,"an out resulting from a fielding play (not a strikeout); "the first baseman made 15 putouts""
putouts,"an out resulting from a fielding play (not a strikeout); "the first baseman made 15 putouts""
putrefaction,"a state of decay usually accompanied by an offensive odor","(biology) the process of decay caused by bacterial or fungal action","moral perversion; impairment of virtue and moral principles; "the luxury and corruption among the upper classes"; "moral degeneracy followed intellectual degeneration"; "its brothels, its opium parlors, its depravity"; "Rome had fallen into moral putrefaction""
putrefactions,"a state of decay usually accompanied by an offensive odor","(biology) the process of decay caused by bacterial or fungal action","moral perversion; impairment of virtue and moral principles; "the luxury and corruption among the upper classes"; "moral degeneracy followed intellectual degeneration"; "its brothels, its opium parlors, its depravity"; "Rome had fallen into moral putrefaction""
putrefactive,"causing or promoting bacterial putrefaction"
putrefied,"become putrid; decay with an offensive smell; "organic matter putrefies""
putrefies
putrefy,"become putrid; decay with an offensive smell; "organic matter putrefies""
putrefying
putrid,"of or relating to or attended by putrefaction; "putrid decomposition"","in an advanced state of decomposition and having a foul odor; "horrible like raw and putrid flesh"- Somerset Maugham","morally corrupt or evil; "the putrid atmosphere of the court""
putridly
puts,"the option to sell a given stock (or stock index or commodity future) at a given price before a given date","put into a certain place or abstract location; "Put your things here"; "Set the tray down"; "Set the dogs on the scent of the missing children"; "Place emphasis on a certain point"","cause to be in a certain state; cause to be in a certain relation; "That song put me in awful good humor"; "put your ideas in writing"","formulate in a particular style or language; "I wouldn't put it that way"; "She cast her request in very polite language"","attribute or give; "She put too much emphasis on her the last statement"; "He put all his efforts into this job"; "The teacher put an interesting twist to the interpretation of the story"","make an investment; "Put money into bonds"","estimate; "We put the time of arrival at 8 P.M."","cause (someone) to undergo something; "He put her to the torture"","adapt; "put these words to music"","arrange thoughts, ideas, temporal events; "arrange my schedule"; "set up one's life"; "I put these memories with those of bygone times""
putsch,"a sudden and decisive change of government illegally or by force"
putsches
putt,"hitting a golf ball that is on the green using a putter; "his putting let him down today; he didn't sink a single putt over three feet"","strike (a golf ball) lightly, with a putter; "he putted the ball several feet past the hole"","hit a putt; "he lost because he putted so poorly""
putted
puttee,"a strip of cloth wound around the leg to form legging; used by soldiers in World War I"
puttees,"a strip of cloth wound around the leg to form legging; used by soldiers in World War I"
putter,"a golfer who is putting","the iron normally used on the putting green","work lightly; "The old lady is pottering around in the garden"","do random, unplanned work or activities or spend time idly; "The old lady is usually mucking about in her little house"","move around aimlessly"
puttered
putterer,"a person who putters about"
putterers,"a person who putters about"
puttering
putters,"a golfer who is putting","the iron normally used on the putting green","work lightly; "The old lady is pottering around in the garden"","do random, unplanned work or activities or spend time idly; "The old lady is usually mucking about in her little house"","move around aimlessly"
puttied,"apply putty in order to fix or fill; "putty the window sash""
puttier
puttiers
putties
putting,"hitting a golf ball that is on the green using a putter; "his putting let him down today; he didn't sink a single putt over three feet"","put into a certain place or abstract location; "Put your things here"; "Set the tray down"; "Set the dogs on the scent of the missing children"; "Place emphasis on a certain point"","cause to be in a certain state; cause to be in a certain relation; "That song put me in awful good humor"; "put your ideas in writing"","formulate in a particular style or language; "I wouldn't put it that way"; "She cast her request in very polite language"","attribute or give; "She put too much emphasis on her the last statement"; "He put all his efforts into this job"; "The teacher put an interesting twist to the interpretation of the story"","make an investment; "Put money into bonds"","estimate; "We put the time of arrival at 8 P.M."","cause (someone) to undergo something; "He put her to the torture"","adapt; "put these words to music"","arrange thoughts, ideas, temporal events; "arrange my schedule"; "set up one's life"; "I put these memories with those of bygone times""
putts,"hitting a golf ball that is on the green using a putter; "his putting let him down today; he didn't sink a single putt over three feet"","strike (a golf ball) lightly, with a putter; "he putted the ball several feet past the hole"","hit a putt; "he lost because he putted so poorly""
putty,"a dough-like mixture of whiting and boiled linseed oil; used especially to patch woodwork or secure panes of glass","apply putty in order to fix or fill; "putty the window sash""
puttying
puzzle,"a particularly baffling problem that is said to have a correct solution; "he loved to solve chessmate puzzles"; "that's a real puzzler"","a game that tests your ingenuity","be a mystery or bewildering to; "This beats me!"; "Got me--I don't know the answer!"; "a vexing problem"; "This question really stuck me"","be uncertain about; think about without fully understanding or being able to decide; "We puzzled over her sudden departure""
puzzled,"filled with bewilderment; "at a loss to understand those remarks"; "puzzled that she left without saying goodbye""
puzzlement,"confusion resulting from failure to understand"
puzzlements,"confusion resulting from failure to understand"
puzzler,"a particularly baffling problem that is said to have a correct solution; "he loved to solve chessmate puzzles"; "that's a real puzzler""
puzzlers,"a particularly baffling problem that is said to have a correct solution; "he loved to solve chessmate puzzles"; "that's a real puzzler""
puzzles,"a particularly baffling problem that is said to have a correct solution; "he loved to solve chessmate puzzles"; "that's a real puzzler"","a game that tests your ingenuity","be a mystery or bewildering to; "This beats me!"; "Got me--I don't know the answer!"; "a vexing problem"; "This question really stuck me"","be uncertain about; think about without fully understanding or being able to decide; "We puzzled over her sudden departure""
puzzling,"not clear to the understanding; "I didn't grasp the meaning of that enigmatic comment until much later"; "prophetic texts so enigmatic that their meaning has been disputed for centuries"","lacking clarity of meaning; causing confusion or perplexity; "sent confusing signals to Iraq"; "perplexing to someone who knew nothing about it"; "a puzzling statement""
